/oschook,9.903335369059109,-0.23463892936706543,-3.3974757194519043,9.299363136291504,1615057360569
/oschook,10.138727982842111,-0.23942747712135315,-3.7015488147735596,9.435836791992188,1615057360590
/oschook,10.138727982842111,-0.23942747712135315,-3.7015488147735596,9.435836791992188,1615057360609
/oschook,9.815972029806673,-0.48124924302101135,-3.694365978240967,9.0814847946167,1615057360630
/oschook,9.762834989128022,-0.05027977377176285,-3.533949613571167,9.100638389587402,1615057360649
/oschook,9.674203839130277,-0.04309694468975067,-3.2945220470428467,9.095849990844727,1615057360670
/oschook,9.670306532841225,-0.1891477108001709,-3.4645156860351562,9.026415824890137,1615057360690
/oschook,9.716676744624486,-0.3256213665008545,-3.557892322540283,9.035993576049805,1615057360710
/oschook,9.716676744624486,-0.3256213665008545,-3.557892322540283,9.035993576049805,1615057360729
/oschook,9.788181570316867,-0.9217957258224487,-3.4333901405334473,9.119792938232422,1615057360750
/oschook,9.788181570316867,-0.9217957258224487,-3.4333901405334473,9.119792938232422,1615057360769
/oschook,9.680823229779193,-1.3288224935531616,-3.000026226043701,9.107821464538574,1615057360790
/oschook,9.680823229779193,-1.3288224935531616,-3.000026226043701,9.107821464538574,1615057360809
/oschook,9.18560557280919,-1.2593885660171509,-3.011997699737549,8.585869789123535,1615057360830
/oschook,9.198082353243896,-0.9241901636123657,-2.916226625442505,8.674457550048828,1615057360850
/oschook,9.721336411880353,-0.8092649579048157,-3.0886144638061523,9.18204402923584,1615057360870
/oschook,9.721336411880353,-0.8092649579048157,-3.0886144638061523,9.18204402923584,1615057360889
/oschook,10.223221306430116,-0.9888355135917664,-3.4573330879211426,9.569916725158691,1615057360910
/oschook,10.223221306430116,-0.9888355135917664,-3.4573330879211426,9.569916725158691,1615057360929
/oschook,10.71360134874845,-0.9385557174682617,-4.125335693359375,9.842864036560059,1615057360950
/oschook,10.331721879542728,-0.6033572554588318,-4.175615310668945,9.431048393249512,1615057360970
/oschook,10.331721879542728,-0.6033572554588318,-4.175615310668945,9.431048393249512,1615057360989
/oschook,10.230564430753429,0.4597007632255554,-3.8332340717315674,9.474145889282227,1615057361010
/oschook,10.003496369730376,0.5339232683181763,-3.567469358444214,9.330489158630371,1615057361030
/oschook,9.585602176215483,0.21548473834991455,-3.2322707176208496,9.021627426147461,1615057361050
/oschook,9.585602176215483,0.21548473834991455,-3.2322707176208496,9.021627426147461,1615057361069
/oschook,9.712279534725567,-0.29928433895111084,-3.2131168842315674,9.16049575805664,1615057361090
/oschook,10.031125955582894,-0.8499675989151001,-3.3304362297058105,9.42386531829834,1615057361109
/oschook,5.795987421081634,-1.35037100315094,-2.98087215423584,4.783761024475098,1615057361129
/oschook,10.95528622220352,-5.449369430541992,-3.8667538166046143,8.681640625,1615057361150
/oschook,11.643936199108861,0.8763045072555542,-4.410254001617432,10.740716934204102,1615057361170
/oschook,10.141642945526751,-1.6807807683944702,-3.409447431564331,9.40231704711914,1615057361190
/oschook,10.892133318674535,-1.6640208959579468,-3.440573215484619,10.199610710144043,1615057361209
/oschook,11.071605457828094,-0.9217957258224487,-3.7087318897247314,10.391152381896973,1615057361230
/oschook,10.547325548859341,-1.0989720821380615,-3.419024705886841,9.917086601257324,1615057361250
/oschook,9.730834979445783,-0.9744698405265808,-2.976083517074585,9.21316909790039,1615057361270
/oschook,9.258647317608059,-0.8284190893173218,-2.569056987762451,8.856422424316406,1615057361289
/oschook,9.390869426411506,-1.0199611186981201,-2.4086403846740723,9.019232749938965,1615057361310
/oschook,9.439218102216103,-0.8188420534133911,-2.98087215423584,8.918673515319824,1615057361330
/oschook,9.857052341909688,-0.7996878027915955,-3.605778217315674,9.138946533203125,1615057361350
/oschook,10.209029693541973,-1.0103839635849,-3.905062198638916,9.378374099731445,1615057361369
/oschook,10.180713825652818,-1.0175668001174927,-4.060689926147461,9.2802095413208,1615057361390
/oschook,10.028767704956985,-0.8691217303276062,-4.03195858001709,9.141341209411621,1615057361410
/oschook,9.859438345439065,-1.2306572198867798,-3.6776061058044434,9.06472396850586,1615057361429
/oschook,9.87621656236882,-1.3551595211029053,-3.4525444507598877,9.153312683105469,1615057361450
/oschook,9.808781094886587,-1.2043201923370361,-3.536343812942505,9.069513320922852,1615057361470
/oschook,9.728652687246454,-0.9313728213310242,-3.6105663776397705,8.985713005065918,1615057361490
/oschook,9.778316827361298,-0.6320885419845581,-3.5818352699279785,9.076695442199707,1615057361510
/oschook,9.778316827361298,-0.6320885419845581,-3.5818352699279785,9.076695442199707,1615057361530
/oschook,9.717986790281069,-0.7948992252349854,-3.6440863609313965,8.97374153137207,1615057361550
/oschook,10.124414627829074,-0.9696813821792603,-3.5267670154571533,9.440625190734863,1615057361571
/oschook,10.263539117940358,-0.39984390139579773,-3.1005859375,9.775823593139648,1615057361590
/oschook,8.382580421632388,-2.5331428050994873,-3.318464994430542,7.269018650054932,1615057361610
/oschook,9.092593149560324,1.2498114109039307,-3.419024705886841,8.332076072692871,1615057361630
/oschook,9.092593149560324,1.2498114109039307,-3.419024705886841,8.332076072692871,1615057361650
/oschook,9.730937758162849,-1.1827718019485474,-3.0479118824005127,9.165284156799316,1615057361670
/oschook,10.54903710664659,-1.4964218139648438,-3.9577362537384033,9.66329288482666,1615057361689
/oschook,10.689688623718451,-1.889082670211792,-4.27138614654541,9.615407943725586,1615057361710
/oschook,10.772144184797757,-1.3264282941818237,-4.154066562652588,9.850046157836914,1615057361730
/oschook,10.531014676031356,-1.1755889654159546,-3.8523879051208496,9.730332374572754,1615057361750
/oschook,10.236591400874627,-0.5099805593490601,-3.5722579956054688,9.579493522644043,1615057361769
/oschook,9.2968550157572,-1.0774236917495728,-2.638490915298462,8.849239349365234,1615057361790
/oschook,8.99148402851331,-0.45012369751930237,-2.2506182193756104,8.693612098693848,1615057361809
/oschook,9.322655023992427,-0.011971374042332172,-2.9258038997650146,8.85163402557373,1615057361830
/oschook,9.934510603011063,-0.6177229285240173,-3.840416669845581,9.141341209411621,1615057361850
/oschook,10.577364369331487,-0.5578660368919373,-4.611373424530029,9.502876281738281,1615057361870
/oschook,10.04965957824902,-1.7382434606552124,-4.051113128662109,9.031204223632812,1615057361890
/oschook,10.146488359926032,-2.698347806930542,-3.2370598316192627,9.229928970336914,1615057361910
/oschook,10.142232195832312,-2.5211713314056396,-3.131711483001709,9.311334609985352,1615057361930
/oschook,9.877729147683105,-2.104567527770996,-3.47169828414917,9.004867553710938,1615057361950
/oschook,9.946496978583415,-1.5275473594665527,-3.775771379470825,9.074301719665527,1615057361970
/oschook,10.068830767721892,-1.6520496606826782,-3.7638001441955566,9.191620826721191,1615057361989
/oschook,9.993202463974766,-1.1037607192993164,-3.7039427757263184,9.215563774108887,1615057362009
/oschook,9.821071231088414,-0.5554717779159546,-3.5531039237976074,9.138946533203125,1615057362030
/oschook,9.825909646592695,-0.6727912425994873,-3.3878989219665527,9.198803901672363,1615057362050
/oschook,10.059966562260145,-0.4189980924129486,-3.3567733764648438,9.474145889282227,1615057362070
/oschook,9.749642749772935,-0.4142095446586609,-2.944957971572876,9.284997940063477,1615057362089
/oschook,9.023961187073443,-0.56504887342453,-2.6504621505737305,8.607418060302734,1615057362110
/oschook,10.474756209433318,-1.3072741031646729,-3.751828670501709,9.692024230957031,1615057362130
/oschook,8.555925038616417,0.7158881425857544,-3.50042986869812,7.774210453033447,1615057362149
/oschook,8.739049881235282,0.20351335406303406,-2.9545350074768066,8.221940040588379,1615057362170
/oschook,10.193135152963997,-0.3495641350746155,-3.419024705886841,9.596253395080566,1615057362190
/oschook,10.481855878418921,-0.9624984860420227,-4.003227710723877,9.639349937438965,1615057362209
/oschook,10.382061426523872,-1.9944308996200562,-3.383110523223877,9.61061954498291,1615057362230
/oschook,10.382061426523872,-1.9944308996200562,-3.383110523223877,9.61061954498291,1615057362249
/oschook,9.817576809341528,-1.9249969720840454,-2.6121537685394287,9.265843391418457,1615057362270
/oschook,9.4549269917415,-0.9601041674613953,-2.7414445877075195,8.997684478759766,1615057362290
/oschook,9.81195878696484,-0.7398309111595154,-3.4812755584716797,9.143735885620117,1615057362310
/oschook,10.31771461521421,-0.6895511150360107,-3.964919328689575,9.500482559204102,1615057362330
/oschook,9.960660310654086,-0.24661031365394592,-3.835628032684326,9.189227104187012,1615057362350
/oschook,9.70637265002534,-1.0726351737976074,-3.416630268096924,9.021627426147461,1615057362370
/oschook,10.067354973923425,-1.6975408792495728,-3.3112823963165283,9.354432106018066,1615057362390
/oschook,10.219051863851044,-2.075836181640625,-3.4621214866638184,9.387951850891113,1615057362410
/oschook,10.085242933438373,-2.042316436767578,-3.600989580154419,9.196409225463867,1615057362430
/oschook,9.88358927796528,-1.3838908672332764,-3.6225380897521973,9.09106159210205,1615057362450
/oschook,9.708264904992367,-0.9098244905471802,-3.5243725776672363,9.000079154968262,1615057362470
/oschook,9.752095031926409,-0.5291347503662109,-3.4956412315368652,9.088666915893555,1615057362490
/oschook,9.797860152618577,-0.6967339515686035,-3.5746521949768066,9.095849990844727,1615057362509
/oschook,10.083999706345057,-1.0750293731689453,-3.5842292308807373,9.364008903503418,1615057362529
/oschook,10.377595232467767,-1.4629019498825073,-3.435784101486206,9.68244743347168,1615057362550
/oschook,10.20014835289963,-1.5371243953704834,-3.1412885189056396,9.581888198852539,1615057362569
/oschook,9.499959207011797,-1.3240339756011963,-2.8755240440368652,8.956981658935547,1615057362589
/oschook,9.088630311197548,-2.7390503883361816,-3.043123245239258,8.114197731018066,1615057362610
/oschook,11.052414089980946,0.48364347219467163,-4.130124092102051,10.240313529968262,1615057362629
/oschook,8.616379443743662,0.6871568560600281,-3.9840731620788574,7.609005928039551,1615057362649
/oschook,9.334541886101645,-0.46448931097984314,-3.4884581565856934,8.645726203918457,1615057362670
/oschook,10.215588040751253,-0.46448931097984314,-3.445361375808716,9.605830192565918,1615057362689
/oschook,10.14503991912812,-1.271359920501709,-3.3304362297058105,9.498087882995605,1615057362709
/oschook,10.585065240501383,-1.8364088535308838,-3.3711390495300293,9.864412307739258,1615057362731
/oschook,10.259943727721442,-1.7166950702667236,-3.3998703956604004,9.526819229125977,1615057362750
/oschook,9.6067020536799,-1.2641770839691162,-3.2346653938293457,8.956981658935547,1615057362770
/oschook,9.776385732916987,-0.39505535364151,-3.340013027191162,9.179649353027344,1615057362790
/oschook,9.658375372791985,-1.053480863571167,-3.2107224464416504,9.047964096069336,1615057362809
/oschook,10.037487241109876,-1.5107873678207397,-3.0934031009674072,9.428654670715332,1615057362830
/oschook,9.85504592894095,-1.6400781869888306,-3.222693920135498,9.167677879333496,1615057362850
/oschook,9.729369670512053,-1.6975408792495728,-3.498035430908203,8.918673515319824,1615057362870
/oschook,9.970859021948769,-1.52036452293396,-3.6800003051757812,9.141341209411621,1615057362890
/oschook,9.953043679151284,-1.4174107313156128,-3.6369032859802246,9.155706405639648,1615057362909
/oschook,9.912660593270616,-1.252205729484558,-3.5746521949768066,9.16049575805664,1615057362930
/oschook,9.9366220407027,-1.1684061288833618,-3.533949613571167,9.21316909790039,1615057362949
/oschook,9.896933282833706,-1.1755889654159546,-3.411841630935669,9.215563774108887,1615057362969
/oschook,9.853113383079211,-1.2881197929382324,-3.287338972091675,9.198803901672363,1615057362990
/oschook,9.899802910809335,-1.4078335762023926,-3.2370598316192627,9.249083518981934,1615057363010
/oschook,9.952708503951586,-1.4916331768035889,-3.2107224464416504,9.3017578125,1615057363029
/oschook,10.209946854227116,-1.5706442594528198,-3.1125571727752686,9.596253395080566,1615057363050
/oschook,8.72570889277877,-1.6017698049545288,-2.856369733810425,8.087860107421875,1615057363069
/oschook,10.170337025778545,-2.3344178199768066,-3.124528646469116,9.392740249633789,1615057363090
/oschook,10.691342641396693,0.15083931386470795,-3.600989580154419,10.065531730651855,1615057363110
/oschook,9.060297943805436,0.25858166813850403,-3.126922845840454,8.499675750732422,1615057363129
/oschook,9.402753936437778,-0.08619388937950134,-3.383110523223877,8.772623062133789,1615057363150
/oschook,10.502214632205163,-0.9624984860420227,-4.2282891273498535,9.565128326416016,1615057363169
/oschook,10.600102714786509,-1.9010541439056396,-4.388705730438232,9.459779739379883,1615057363190
/oschook,10.45284160164584,-1.8771114349365234,-4.0199875831604,9.464568138122559,1615057363210
/oschook,9.98557299603727,-1.9633052349090576,-3.4621214866638184,9.158101081848145,1615057363229
/oschook,10.048331766964914,-1.7406377792358398,-3.0215747356414795,9.42386531829834,1615057363250
/oschook,9.75062980199039,-1.6807807683944702,-2.597788095474243,9.246688842773438,1615057363270
/oschook,9.31041614007119,-1.1109435558319092,-2.727078914642334,8.832479476928711,1615057363289
/oschook,9.6053201654687,-0.6249057054519653,-3.2442424297332764,9.019232749938965,1615057363310
/oschook,9.606370278956891,-0.8523618578910828,-3.598595142364502,8.865999221801758,1615057363329
/oschook,10.385036882743302,-1.13009774684906,-3.7997138500213623,9.598648071289062,1615057363349
/oschook,9.86621407663098,-2.013585090637207,-3.3017048835754395,9.076695442199707,1615057363370
/oschook,10.117797343800344,-1.7861289978027344,-3.220299482345581,9.42386531829834,1615057363390
/oschook,10.0086886428197,-1.6616265773773193,-3.5147953033447266,9.222746849060059,1615057363410
/oschook,9.95927947779969,-1.429382085800171,-3.8188681602478027,9.086273193359375,1615057363429
/oschook,9.956325907627996,-1.161223292350769,-3.8619651794433594,9.103033065795898,1615057363449
/oschook,9.86457064677167,-1.0439038276672363,-3.754222869873047,9.06233024597168,1615057363470
/oschook,9.878187922034632,-0.9577099084854126,-3.6129603385925293,9.143735885620117,1615057363489
/oschook,9.833579366393947,-1.0774236917495728,-3.4286015033721924,9.153312683105469,1615057363509
/oschook,10.032911539895721,-1.5107873678207397,-3.158048391342163,9.40231704711914,1615057363529
/oschook,9.542885877453235,-1.3288224935531616,-2.947352170944214,8.978530883789062,1615057363550
/oschook,9.563294547766839,-1.0870007276535034,-2.9880549907684326,9.019232749938965,1615057363570
/oschook,9.533258446128452,-1.2498114109039307,-3.201145648956299,8.89233684539795,1615057363590
/oschook,9.186770149605895,-1.35037100315094,-3.201145648956299,8.504464149475098,1615057363610
/oschook,10.988761812697321,-2.825244188308716,-3.617748975753784,9.984126091003418,1615057363630
/oschook,9.947589620439889,1.0343266725540161,-3.8811194896698,9.100638389587402,1615057363649
/oschook,9.154463402764794,-0.33519846200942993,-3.569863796234131,8.42305850982666,1615057363670
/oschook,10.651679892008994,-0.9816526174545288,-3.8236567974090576,9.893143653869629,1615057363689
/oschook,10.842154486071617,-2.013585090637207,-3.658451795578003,10.005674362182617,1615057363709
/oschook,10.447292421746027,-2.0878076553344727,-3.2729735374450684,9.699207305908203,1615057363730
/oschook,9.7761793895505,-1.8723227977752686,-3.0550947189331055,9.095849990844727,1615057363749
/oschook,9.388718471535629,-1.644866704940796,-3.16044282913208,8.686429023742676,1615057363770
/oschook,10.000054253841228,-0.8763045072555542,-3.5147953033447266,9.320911407470703,1615057363789
/oschook,9.661836907864837,-1.0319324731826782,-3.447755813598633,8.966559410095215,1615057363810
/oschook,9.8523466236908,-1.7143007516860962,-3.1125571727752686,9.189227104187012,1615057363829
/oschook,9.838870572715145,-1.2450228929519653,-3.158048391342163,9.234718322753906,1615057363850
/oschook,9.962569157418258,-1.4796618223190308,-3.380715847015381,9.25387191772461,1615057363870
/oschook,10.203513047883462,-1.5730385780334473,-3.6129603385925293,9.411893844604492,1615057363889
/oschook,10.002191662516767,-1.642472505569458,-3.6105663776397705,9.18204402923584,1615057363910
/oschook,9.819321432472487,-1.5371243953704834,-3.565075397491455,9.019232749938965,1615057363930
/oschook,9.876037663581622,-1.4676904678344727,-3.5746521949768066,9.088666915893555,1615057363949
/oschook,10.020504932115465,-1.3575538396835327,-3.6512691974639893,9.23232364654541,1615057363970
/oschook,10.091398945380652,-1.3383996486663818,-3.5411324501037598,9.354432106018066,1615057363989
/oschook,9.995579165205143,-1.149251937866211,-3.34959077835083,9.347249031066895,1615057364010
/oschook,10.074990314927499,-1.2737542390823364,-3.2729735374450684,9.44301986694336,1615057364031
/oschook,9.013788778368722,-1.3048797845840454,-3.225088119506836,8.315316200256348,1615057364049
/oschook,9.237278230909457,-2.0207679271698,-3.373533248901367,8.358413696289062,1615057364070
/oschook,11.066595554401742,-0.5004034638404846,-3.5770466327667236,10.460586547851562,1615057364089
/oschook,9.244638363692042,-0.38547825813293457,-3.0527002811431885,8.717555046081543,1615057364110
/oschook,9.084637660751534,-0.9241901636123657,-2.9904491901397705,8.528407096862793,1615057364129
/oschook,10.012610681190592,-0.7613793611526489,-3.620143413543701,9.30415153503418,1615057364149
/oschook,10.21842430913911,-1.211503028869629,-3.778165340423584,9.416683197021484,1615057364170
/oschook,10.325952612731937,-1.223474383354187,-3.754222869873047,9.54118537902832,1615057364189
/oschook,10.561512227257932,-0.8403903841972351,-3.7422516345977783,9.840469360351562,1615057364209
/oschook,9.953091733728062,-1.3096683025360107,-3.193962574005127,9.335277557373047,1615057364230
/oschook,10.140066276709533,-2.205127000808716,-2.6744048595428467,9.529213905334473,1615057364250
/oschook,10.395543613476649,-2.3008980751037598,-2.8036959171295166,9.742303848266602,1615057364269
/oschook,9.71107172785314,-0.7613793611526489,-2.7653872966766357,9.277814865112305,1615057364289
/oschook,9.037806790079413,-0.8116591572761536,-3.129317283630371,8.439818382263184,1615057364310
/oschook,11.149453019529675,-0.8332076072692871,-4.108575344085693,10.33129596710205,1615057364330
/oschook,8.982042042665288,0.1891477108001709,-3.605778217315674,8.224333763122559,1615057364349
/oschook,8.651555349020855,-0.9648927450180054,-2.5906052589416504,8.197997093200684,1615057364370
/oschook,9.915945460865121,-1.0941835641860962,-3.0215747356414795,9.380768775939941,1615057364390
/oschook,10.529991857183012,-2.013585090637207,-3.6225380897521973,9.680052757263184,1615057364410
/oschook,10.596672455762755,-2.0614705085754395,-3.9242165088653564,9.624984741210938,1615057364429
/oschook,10.416442733931447,-1.5371243953704834,-3.821262836456299,9.567522048950195,1615057364449
/oschook,9.922820746627233,-1.0654523372650146,-3.533949613571167,9.210775375366211,1615057364470
/oschook,9.861458111497445,-0.5482889413833618,-3.0287575721740723,9.368797302246094,1615057364489
/oschook,9.36121262043671,-0.39505535364151,-2.846792697906494,8.909096717834473,1615057364509
/oschook,10.018418377654159,-1.0199611186981201,-3.2083282470703125,9.435836791992188,1615057364530
/oschook,10.519487568958569,-1.7885233163833618,-3.529160976409912,9.747093200683594,1615057364549
/oschook,9.150792646545698,-1.826831579208374,-2.5929996967315674,8.583475112915039,1615057364570
/oschook,9.868748764460708,-4.077449798583984,-3.438178539276123,8.3033447265625,1615057364589
/oschook,10.186454684866401,1.3838908672332764,-4.565882205963135,9.000079154968262,1615057364611
/oschook,7.888944956997471,-0.016759924590587616,-3.1436827182769775,7.235497951507568,1615057364629
/oschook,9.13431736759327,-1.2378400564193726,-2.6121537685394287,8.664880752563477,1615057364650
/oschook,10.48988586213451,-1.8435914516448975,-3.2418479919433594,9.80455493927002,1615057364670
/oschook,10.856546209359715,-2.877918243408203,-3.7374629974365234,9.778218269348145,1615057364690
/oschook,10.721927616964923,-2.269772529602051,-3.907456159591675,9.723150253295898,1615057364710
/oschook,10.141895810464035,-1.6568381786346436,-3.5507094860076904,9.354432106018066,1615057364729
/oschook,9.934194883666754,-0.7254652380943298,-3.284945011138916,9.347249031066895,1615057364750
/oschook,9.540539274762711,-0.5913859009742737,-2.9234094619750977,9.06233024597168,1615057364770
/oschook,9.679285195319444,-1.039115309715271,-3.0934031009674072,9.11260986328125,1615057364789
/oschook,10.09058099621321,-1.1684061288833618,-3.5483155250549316,9.37358570098877,1615057364809
/oschook,10.037719186926813,-1.8651401996612549,-3.600989580154419,9.18204402923584,1615057364829
/oschook,10.111012334846551,-2.1620302200317383,-3.529160976409912,9.225140571594238,1615057364849
/oschook,10.146113684205504,-1.9489396810531616,-3.4573330879211426,9.337671279907227,1615057364869
/oschook,9.981388266689658,-1.5754327774047852,-3.4956412315368652,9.215563774108887,1615057364889
/oschook,9.872611175352864,-1.4006507396697998,-3.4621214866638184,9.138946533203125,1615057364909
/oschook,9.83032474902564,-1.4174107313156128,-3.435784101486206,9.100638389587402,1615057364930
/oschook,10.025691760069343,-1.5227587223052979,-3.6728177070617676,9.203592300415039,1615057364950
/oschook,10.014035961980946,-0.9577099084854126,-3.8571770191192627,9.191620826721191,1615057364970
/oschook,10.563881631415255,-1.3886793851852417,-3.7111258506774902,9.792584419250488,1615057364990
/oschook,9.877148398166343,-1.242628574371338,-3.289733409881592,9.229928970336914,1615057365009
/oschook,8.616532356585642,-1.113337755203247,-2.6839821338653564,8.11180305480957,1615057365030
/oschook,10.844068037893098,-1.3383996486663818,-3.131711483001709,10.295381546020508,1615057365049
/oschook,10.555572447273894,-1.8555629253387451,-3.502824068069458,9.78300666809082,1615057365070
/oschook,8.855143656915793,0.22745612263679504,-3.2442424297332764,8.236305236816406,1615057365090
/oschook,8.682436938885202,-0.6584255695343018,-3.011997699737549,8.116591453552246,1615057365110
/oschook,9.949649035786743,-0.9744698405265808,-3.6823947429656982,9.191620826721191,1615057365129
/oschook,10.609830588049324,-1.3910737037658691,-3.845205307006836,9.790189743041992,1615057365149
/oschook,10.634134823161377,-1.642472505569458,-3.5507094860076904,9.888355255126953,1615057365169
/oschook,10.036101532733843,-1.7190892696380615,-3.2035396099090576,9.354432106018066,1615057365189
/oschook,9.858963743747093,-1.7095123529434204,-2.947352170944214,9.25147819519043,1615057365209
/oschook,9.483072502952496,-1.8148603439331055,-2.8707354068756104,8.854028701782227,1615057365229
/oschook,9.705141951443565,-1.3360053300857544,-3.2993106842041016,9.028810501098633,1615057365249
/oschook,9.78147563512248,-1.0654523372650146,-3.6680290699005127,9.004867553710938,1615057365269
/oschook,9.962416604215946,-1.1875603199005127,-3.7374629974365234,9.158101081848145,1615057365289
/oschook,10.086515881187726,-1.5227587223052979,-3.5411324501037598,9.320911407470703,1615057365309
/oschook,9.975408287712696,-1.7286665439605713,-3.3328304290771484,9.241900444030762,1615057365329
/oschook,10.049021686454076,-1.75021493434906,-3.375927448272705,9.3017578125,1615057365350
/oschook,9.980666495611008,-1.783734679222107,-3.562680721282959,9.150918006896973,1615057365369
/oschook,9.894900956214192,-1.503604531288147,-3.629720687866211,9.0814847946167,1615057365391
/oschook,9.916530658951647,-1.2330515384674072,-3.6464805603027344,9.138946533203125,1615057365409
/oschook,9.95155469156113,-1.2378400564193726,-3.5147953033447266,9.227535247802734,1615057365429
/oschook,9.969693884440897,-1.223474383354187,-3.3328304290771484,9.316123008728027,1615057365449
/oschook,9.87915838553202,-1.2976969480514526,-3.0934031009674072,9.292180061340332,1615057365470
/oschook,9.935653645571284,-1.2258687019348145,-2.7797529697418213,9.459779739379883,1615057365489
/oschook,8.904235301332209,-1.149251937866211,-2.4421603679656982,8.485309600830078,1615057365509
/oschook,8.483784187259129,-0.6105400919914246,-3.227482557296753,7.822096347808838,1615057365529
/oschook,11.802386010557079,-1.532335877418518,-3.9888617992401123,11.001692771911621,1615057365549
/oschook,10.480550853822518,-0.5243461728096008,-3.7039427757263184,9.790189743041992,1615057365570
/oschook,8.862287618369843,-0.48364347219467163,-2.973689317703247,8.334470748901367,1615057365589
/oschook,9.602691201351417,-0.3782954216003418,-3.004814863204956,9.11260986328125,1615057365609
/oschook,9.678176917210624,-1.209108829498291,-3.215510845184326,9.047964096069336,1615057365630
/oschook,9.999580120187762,-1.0103839635849,-3.4836697578430176,9.318517684936523,1615057365650
/oschook,10.354169542253349,-1.161223292350769,-3.6800003051757812,9.608224868774414,1615057365670
/oschook,10.019669338659485,-1.8388030529022217,-3.476486921310425,9.215563774108887,1615057365690
/oschook,9.653419749199719,-1.8914772272109985,-3.2131168842315674,8.904308319091797,1615057365710
/oschook,9.915377510680893,-1.5730385780334473,-3.4214186668395996,9.172467231750488,1615057365729
/oschook,10.531257836571028,-0.9409500360488892,-3.8930907249450684,9.739910125732422,1615057365749
/oschook,10.076617040059705,-1.2138973474502563,-3.4214186668395996,9.399923324584961,1615057365769
/oschook,10.052247025870471,-1.381496548652649,-2.9569294452667236,9.507665634155273,1615057365790
/oschook,9.900936683492857,-1.501210331916809,-2.906649589538574,9.344854354858398,1615057365810
/oschook,9.914243354937849,-1.5467015504837036,-3.126922845840454,9.2802095413208,1615057365829
/oschook,9.87218622161897,-1.532335877418518,-3.442967176437378,9.124581336975098,1615057365850
/oschook,9.882671706757408,-1.501210331916809,-3.627326250076294,9.069513320922852,1615057365870
/oschook,10.098233129970065,-1.5227587223052979,-3.684788942337036,9.277814865112305,1615057365889
/oschook,9.969627998028733,-1.35037100315094,-3.5866236686706543,9.203592300415039,1615057365910
/oschook,10.092939269470197,-1.30009126663208,-3.378321886062622,9.42147159576416,1615057365930
/oschook,10.068018005554794,-1.1851660013198853,-3.186779737472534,9.476539611816406,1615057365950
/oschook,9.917546560212797,-1.393467903137207,-3.000026226043701,9.349642753601074,1615057365969
/oschook,9.661839162295685,-1.501210331916809,-2.76059889793396,9.136552810668945,1615057365990
/oschook,7.7190700241898185,-1.0032011270523071,-2.5499026775360107,7.216344356536865,1615057366010
/oschook,9.93415267133349,-1.7526090145111084,-3.533949613571167,9.117398262023926,1615057366029
/oschook,10.222419358811377,0.48364347219467163,-4.4174370765686035,9.205986976623535,1615057366050
/oschook,9.686618819702499,-0.9050358533859253,-4.185192584991455,8.688823699951172,1615057366069
/oschook,10.358214026014096,-1.5467015504837036,-3.6680290699005127,9.56273365020752,1615057366090
/oschook,10.146618151073497,-2.0255565643310547,-2.9234094619750977,9.502876281738281,1615057366110
/oschook,9.960808674707934,-1.908237099647522,-2.6528565883636475,9.409500122070312,1615057366130
/oschook,9.813769294058423,-1.6664152145385742,-3.1364998817443848,9.148524284362793,1615057366150
/oschook,10.097725145050042,-1.8148603439331055,-3.6105663776397705,9.25387191772461,1615057366170
/oschook,10.287446285091724,-2.1476645469665527,-3.6728177070617676,9.366402626037598,1615057366189
/oschook,10.000869210958246,-1.7166950702667236,-3.5100066661834717,9.205986976623535,1615057366210
/oschook,9.858499029814787,-1.6376841068267822,-3.2681851387023926,9.155706405639648,1615057366230
/oschook,9.703588115476737,-1.3288224935531616,-3.1149516105651855,9.09345531463623,1615057366250
/oschook,9.918909319513302,-1.58022141456604,-3.1532599925994873,9.270631790161133,1615057366270
/oschook,10.026524259560347,-1.5778270959854126,-3.407052993774414,9.296969413757324,1615057366290
/oschook,9.8263734186948,-1.8196489810943604,-3.4621214866638184,9.014444351196289,1615057366310
/oschook,9.836505119874166,-1.7047237157821655,-3.5483155250549316,9.014444351196289,1615057366329
/oschook,9.96203922580188,-1.6472610235214233,-3.6369032859802246,9.126976013183594,1615057366350
/oschook,9.966411459260467,-1.6281068325042725,-3.687182903289795,9.115004539489746,1615057366369
/oschook,9.87715985366564,-1.642472505569458,-3.5746521949768066,9.059935569763184,1615057366390
/oschook,9.994481245373526,-1.7047237157821655,-3.3950817584991455,9.244295120239258,1615057366409
/oschook,10.198754332354023,-1.582615613937378,-3.1795969009399414,9.560338973999023,1615057366430
/oschook,9.393971073256774,-0.7781392931938171,-3.0479118824005127,8.85163402557373,1615057366450
/oschook,9.78595743077583,-0.9241901636123657,-3.131711483001709,9.225140571594238,1615057366469
/oschook,10.528637212038277,-1.5227587223052979,-2.8348214626312256,10.024828910827637,1615057366490
/oschook,8.75569233408391,-0.8092649579048157,-2.4948344230651855,8.35362434387207,1615057366510
/oschook,9.086745447871346,-1.2881197929382324,-2.9018609523773193,8.51404094696045,1615057366529
/oschook,10.196500623311538,-1.5371243953704834,-4.029564380645752,9.239506721496582,1615057366549
/oschook,10.729569087460533,-2.355966329574585,-4.410254001617432,9.49329948425293,1615057366570
/oschook,10.74475579102439,-2.5953938961029053,-4.343214511871338,9.478934288024902,1615057366590
/oschook,10.312207016626717,-2.425400495529175,-4.23068380355835,9.086273193359375,1615057366610
/oschook,10.138034488859953,-1.7573976516723633,-4.010410308837891,9.143735885620117,1615057366629
/oschook,9.774275071488535,-1.412622094154358,-3.220299482345581,9.119792938232422,1615057366650
/oschook,9.700423989460825,-1.7741577625274658,-2.296109437942505,9.256266593933105,1615057366669
/oschook,9.771968983545918,-1.9680938720703125,-2.0279507637023926,9.354432106018066,1615057366691
/oschook,9.454951587605333,-2.2434353828430176,-2.511594295501709,8.834874153137207,1615057366710
/oschook,10.180432451990876,-0.8403903841972351,-3.876330852508545,9.375980377197266,1615057366730
/oschook,10.424489217068027,-1.4676904678344727,-4.098998546600342,9.47175121307373,1615057366750
/oschook,10.061643297621627,-3.280156373977661,-2.978477954864502,9.033598899841309,1615057366770
/oschook,9.846394978199545,-2.3080809116363525,-2.604970932006836,9.210775375366211,1615057366790
/oschook,9.680811095625645,-2.233858346939087,-3.0934031009674072,8.897125244140625,1615057366810
/oschook,9.925598933848683,-2.1500587463378906,-3.8883023262023926,8.875576972961426,1615057366830
/oschook,10.143982522787308,-1.6951465606689453,-4.163643836975098,9.09345531463623,1615057366849
/oschook,10.015142073179721,-1.4748733043670654,-3.878725528717041,9.115004539489746,1615057366870
/oschook,9.882674381281658,-1.2881197929382324,-3.589017868041992,9.117398262023926,1615057366889
/oschook,9.746743291218117,-1.3360053300857544,-3.3687446117401123,9.047964096069336,1615057366910
/oschook,9.72705821939956,-1.3455824851989746,-3.1388943195343018,9.107821464538574,1615057366929
/oschook,9.646105505198502,-1.8914772272109985,-2.796513080596924,9.035993576049805,1615057366950
/oschook,10.361399694273128,-2.3727264404296875,-2.758204460144043,9.7016019821167,1615057366970
/oschook,10.993365220376774,-3.351984739303589,-3.6081721782684326,9.828497886657715,1615057366989
/oschook,10.234733812808381,-0.2298503816127777,-3.8883023262023926,9.464568138122559,1615057367010
/oschook,8.934085430724348,-0.3735068738460541,-3.2394537925720215,8.317710876464844,1615057367030
/oschook,9.896615704776647,-0.6632141470909119,-3.313676357269287,9.3017578125,1615057367049
/oschook,10.502394293573749,-1.6903579235076904,-3.598595142364502,9.720755577087402,1615057367070
/oschook,10.55212336665536,-2.1811842918395996,-3.498035430908203,9.71357250213623,1615057367089
/oschook,10.176781002070095,-2.2793495655059814,-3.04072904586792,9.440625190734863,1615057367110
/oschook,9.742976279765164,-1.7478206157684326,-2.7175018787384033,9.191620826721191,1615057367129
/oschook,9.580773974964586,-1.2019259929656982,-2.7031362056732178,9.11260986328125,1615057367150
/oschook,9.687668095256829,-0.9289786219596863,-3.098191499710083,9.13176441192627,1615057367170
/oschook,9.623968635465772,-1.0726351737976074,-3.32085919380188,8.968953132629395,1615057367190
/oschook,9.80789217997673,-1.9489396810531616,-3.1843855381011963,9.069513320922852,1615057367210
/oschook,10.187749453213833,-2.049499273300171,-3.2418479919433594,9.438231468200684,1615057367230
/oschook,10.230736122562206,-2.1835787296295166,-3.3639559745788574,9.411893844604492,1615057367250
/oschook,10.087296631789467,-1.8723227977752686,-3.507612705230713,9.270631790161133,1615057367270
/oschook,9.857090842268795,-1.7166950702667236,-3.4956412315368652,9.055147171020508,1615057367290
/oschook,9.835687329844784,-1.5538843870162964,-3.404658794403076,9.095849990844727,1615057367310
/oschook,9.93317906578711,-1.5754327774047852,-3.4333901405334473,9.186832427978516,1615057367329
/oschook,9.90360334636355,-1.6855695247650146,-3.536343812942505,9.095849990844727,1615057367350
/oschook,9.941147407088744,-1.6352897882461548,-3.5602867603302,9.136552810668945,1615057367370
/oschook,10.147604980592726,-1.4150164127349854,-3.4549384117126465,9.435836791992188,1615057367390
/oschook,9.861936560666836,-1.6185299158096313,-3.1724140644073486,9.196409225463867,1615057367409
/oschook,9.653842583874328,-2.0925962924957275,-2.916226625442505,8.961771011352539,1615057367429
/oschook,8.560265966501307,-2.049499273300171,-2.7486274242401123,7.843644142150879,1615057367450
/oschook,10.219723537547425,-2.264983892440796,-3.0239691734313965,9.495694160461426,1615057367469
/oschook,10.246336108259463,0.38787251710891724,-3.6656346321105957,9.560338973999023,1615057367490
/oschook,9.242913869253425,-0.6703969240188599,-3.380715847015381,8.576292037963867,1615057367509
/oschook,9.898465866535354,-1.283331274986267,-3.536343812942505,9.155706405639648,1615057367530
/oschook,10.399181634653901,-2.133298873901367,-3.7374629974365234,9.466962814331055,1615057367549
/oschook,10.357165019352557,-2.755810260772705,-3.6512691974639893,9.292180061340332,1615057367570
/oschook,10.230965717160524,-2.2123098373413086,-3.5602867603302,9.33288288116455,1615057367589
/oschook,10.04381045928773,-2.3080809116363525,-3.3064932823181152,9.198803901672363,1615057367610
/oschook,9.879270409534044,-2.202732801437378,-3.1436827182769775,9.103033065795898,1615057367629
/oschook,9.710198288265934,-1.563461422920227,-3.2131168842315674,9.028810501098633,1615057367650
/oschook,9.982921900327943,-1.3886793851852417,-3.407052993774414,9.2802095413208,1615057367670
/oschook,9.863465604594685,-1.6233183145523071,-3.2969164848327637,9.153312683105469,1615057367690
/oschook,9.88188325991863,-2.0279507637023926,-3.165231227874756,9.138946533203125,1615057367709
/oschook,10.064442348251168,-2.0279507637023926,-3.351984739303589,9.270631790161133,1615057367730
/oschook,10.052367881468337,-2.329629421234131,-3.5411324501037598,9.115004539489746,1615057367749
/oschook,9.937961326761169,-2.264983892440796,-3.6081721782684326,8.978530883789062,1615057367770
/oschook,9.918109099793638,-1.8052831888198853,-3.627326250076294,9.052753448486328,1615057367790
/oschook,9.991029238640646,-1.5443072319030762,-3.598595142364502,9.191620826721191,1615057367810
/oschook,9.984487864827019,-1.702329397201538,-3.476486921310425,9.203592300415039,1615057367830
/oschook,9.825595380889592,-1.7885233163833618,-3.3232531547546387,9.071907043457031,1615057367850
/oschook,9.768509131644747,-1.8507744073867798,-3.2035396099090576,9.04078197479248,1615057367870
/oschook,9.901296202693185,-1.812466025352478,-3.2107224464416504,9.189227104187012,1615057367889
/oschook,10.004112868862016,-1.8148603439331055,-3.2179055213928223,9.296969413757324,1615057367910
/oschook,9.561232245955635,-1.5107873678207397,-3.124528646469116,8.909096717834473,1615057367930
/oschook,10.453070534792847,-0.9577099084854126,-3.5818352699279785,9.773429870605469,1615057367949
/oschook,10.61857765314114,-1.6640208959579468,-3.50042986869812,9.885960578918457,1615057367970
/oschook,9.465496418184241,-0.6536370515823364,-2.88031268119812,8.99289608001709,1615057367990
/oschook,9.061468548401233,-0.8858816027641296,-2.667222023010254,8.614601135253906,1615057368009
/oschook,9.973842315355617,-1.2138973474502563,-3.5794405937194824,9.229928970336914,1615057368030
/oschook,10.495739627239201,-1.2569942474365234,-4.312088966369629,9.486116409301758,1615057368050
/oschook,10.604174007444477,-1.0055954456329346,-4.144489765167236,9.708784103393555,1615057368070
/oschook,10.077696821177646,-1.0439038276672363,-3.32085919380188,9.457385063171387,1615057368090
/oschook,9.488308424335305,-1.6688095331192017,-2.664827823638916,8.952193260192871,1615057368110
/oschook,9.579719156538326,-1.8483803272247314,-2.504411458969116,9.059935569763184,1615057368130
/oschook,9.960757983057244,-1.671203851699829,-2.482862949371338,9.500482559204102,1615057368150
/oschook,10.124193942186487,-2.384697675704956,-2.3751206398010254,9.548367500305176,1615057368170
/oschook,12.221439845759658,0.7326480746269226,-3.3280417919158936,11.736735343933105,1615057368189
/oschook,9.791948875364973,-1.0055954456329346,-4.903474807739258,8.415876388549805,1615057368210
/oschook,9.163177509540505,-0.5219519138336182,-4.515602111816406,7.956175327301025,1615057368230
/oschook,8.531290024219729,-0.4022381901741028,-3.1388943195343018,7.922654628753662,1615057368249
/oschook,9.547389786457497,-1.5682499408721924,-2.7342617511749268,9.01205062866211,1615057368270
/oschook,10.488896274382444,-2.7079248428344727,-3.3591675758361816,9.560338973999023,1615057368289
/oschook,10.454660281767785,-3.000026226043701,-3.782954454421997,9.273026466369629,1615057368310
/oschook,10.224951429184962,-1.4772675037384033,-3.569863796234131,9.466962814331055,1615057368330
/oschook,9.867779952851128,-0.9050358533859253,-2.9856607913970947,9.361614227294922,1615057368349
/oschook,10.112576263114292,-0.3974496126174927,-2.602576732635498,9.763853073120117,1615057368370
/oschook,9.750698774755215,-0.371112585067749,-2.547508478164673,9.404711723327637,1615057368390
/oschook,9.484840736603747,-1.3886793851852417,-2.8396098613739014,8.94261646270752,1615057368409
/oschook,11.076041421573716,-2.042316436767578,-3.4238128662109375,10.33368968963623,1615057368430
/oschook,10.09121002833222,-2.695953369140625,-3.3232531547546387,9.138946533203125,1615057368450
/oschook,6.88931427751649,-3.6033835411071777,-1.9920365810394287,5.523591995239258,1615057368470
/oschook,9.235851460354665,-1.0199611186981201,-3.4956412315368652,8.487704277038574,1615057368490
/oschook,9.705446791063645,0.05506832152605057,-4.996851444244385,8.320104598999023,1615057368509
/oschook,8.46446480925513,0.05027977377176285,-4.024775981903076,7.446194648742676,1615057368530
/oschook,9.424225950133298,-1.211503028869629,-2.846792697906494,8.9019136428833,1615057368550
/oschook,10.361775655523793,-2.4373717308044434,-2.885101079940796,9.648927688598633,1615057368569
/oschook,10.699199504560445,-3.557892322540283,-3.3040993213653564,9.534002304077148,1615057368590
/oschook,10.58360283250461,-3.3902931213378906,-3.632114887237549,9.344854354858398,1615057368610
/oschook,10.449931380559383,-2.3631491661071777,-3.5147953033447266,9.553156852722168,1615057368629
/oschook,10.138972353270551,-1.7071177959442139,-3.1819913387298584,9.474145889282227,1615057368650
/oschook,10.207341663319188,-1.0247496366500854,-3.071854591369629,9.680052757263184,1615057368669
/oschook,9.850208765944611,-1.0893950462341309,-3.0814316272735596,9.292180061340332,1615057368690
/oschook,9.85595587137604,-1.7957061529159546,-3.1484713554382324,9.165284156799316,1615057368710
/oschook,10.003213567958507,-1.9609110355377197,-3.373533248901367,9.210775375366211,1615057368729
/oschook,9.943828501581782,-1.9465453624725342,-3.4525444507598877,9.119792938232422,1615057368750
/oschook,10.028652282708197,-1.9896423816680908,-3.4573330879211426,9.201197624206543,1615057368770
/oschook,9.923942401438017,-2.075836181640625,-3.605778217315674,9.009655952453613,1615057368789
/oschook,9.931625352046616,-2.2242813110351562,-3.663240432739258,8.959376335144043,1615057368810
/oschook,9.772876739471839,-1.980065107345581,-3.747040271759033,8.806142807006836,1615057368829
/oschook,9.859344473636652,-1.5395187139511108,-3.8667538166046143,8.937828063964844,1615057368850
/oschook,10.116037936823153,-1.4605076313018799,-4.163643836975098,9.103033065795898,1615057368869
/oschook,10.435679738154656,-1.1277034282684326,-4.405465602874756,9.392740249633789,1615057368890
/oschook,10.277134680716916,-1.3791022300720215,-3.754222869873047,9.466962814331055,1615057368909
/oschook,9.968081711725794,-1.8555629253387451,-2.853975534439087,9.368797302246094,1615057368930
/oschook,8.236613481889016,-2.3463892936706543,-2.106961727142334,7.609005928039551,1615057368949
/oschook,9.682574252102523,-2.511594295501709,-2.6863763332366943,8.956981658935547,1615057368970
/oschook,10.713337570630468,-1.6879637241363525,-3.220299482345581,10.077502250671387,1615057368990
/oschook,9.982903489721242,-0.6488484740257263,-3.2777621746063232,9.407105445861816,1615057369009
/oschook,9.215705769966501,-1.2809370756149292,-3.4549384117126465,8.447001457214355,1615057369030
/oschook,9.806031804488706,-0.8858816027641296,-4.156461238861084,8.837267875671387,1615057369050
/oschook,10.016937193437455,-1.472478985786438,-4.005621910095215,9.06233024597168,1615057369070
/oschook,10.18600749937977,-1.6951465606689453,-3.538738250732422,9.399923324584961,1615057369090
/oschook,9.898869225502843,-1.9297854900360107,-3.126922845840454,9.191620826721191,1615057369110
/oschook,9.55625714064671,-1.8244373798370361,-2.8922839164733887,8.9234619140625,1615057369130
/oschook,9.22815813310541,-1.3958622217178345,-2.88031268119812,8.655303001403809,1615057369150
/oschook,9.367064524660785,-1.2665714025497437,-3.131711483001709,8.736708641052246,1615057369170
/oschook,10.018247845837424,-1.5059988498687744,-3.4860641956329346,9.270631790161133,1615057369190
/oschook,10.360426995916825,-1.6137412786483765,-3.8284454345703125,9.49090576171875,1615057369209
/oschook,10.193599314208965,-1.7669748067855835,-3.632114887237549,9.359220504760742,1615057369230
/oschook,10.154934392193166,-2.015979290008545,-3.215510845184326,9.419076919555664,1615057369249
/oschook,9.962229081652431,-1.9585168361663818,-3.0838260650634766,9.268238067626953,1615057369269
/oschook,10.046671384437659,-2.205127000808716,-3.251425266265869,9.246688842773438,1615057369290
/oschook,10.081939216361496,-2.317657947540283,-3.4525444507598877,9.18443775177002,1615057369310
/oschook,10.073364386691843,-2.0854134559631348,-3.536343812942505,9.198803901672363,1615057369329
/oschook,9.905844011416908,-1.9154198169708252,-3.404658794403076,9.103033065795898,1615057369349
/oschook,9.790232595072185,-1.8866885900497437,-3.2083282470703125,9.055147171020508,1615057369370
/oschook,9.992372149301561,-1.8795057535171509,-3.1221344470977783,9.30415153503418,1615057369389
/oschook,9.14845369388538,-1.6664152145385742,-2.944957971572876,8.499675750732422,1615057369410
/oschook,9.530706265433027,-0.6129343509674072,-3.3232531547546387,8.911490440368652,1615057369429
/oschook,10.510339997467055,-1.07024085521698,-3.2179055213928223,9.948211669921875,1615057369449
/oschook,8.557067978545522,-1.0127782821655273,-2.4589202404022217,8.13335132598877,1615057369469
/oschook,8.634963426390323,-0.2490045726299286,-2.6193366050720215,8.224333763122559,1615057369490
/oschook,10.284973356962153,-1.2258687019348145,-3.6704230308532715,9.529213905334473,1615057369509
/oschook,10.970366309557955,-2.5499026775360107,-4.441379547119141,9.7016019821167,1615057369529
/oschook,10.667745736701288,-2.818061351776123,-4.178009510040283,9.40231704711914,1615057369549
/oschook,10.240421699442743,-2.174001455307007,-3.4908528327941895,9.378374099731445,1615057369569
/oschook,9.771153036180348,-2.008796453475952,-3.1221344470977783,9.038387298583984,1615057369589
/oschook,9.475690310693954,-1.6759923696517944,-3.282550811767578,8.729525566101074,1615057369610
/oschook,9.556673891569154,-1.6472610235214233,-3.4932472705841064,8.741497039794922,1615057369629
/oschook,9.742605372967652,-1.7454264163970947,-3.6129603385925293,8.877970695495605,1615057369650
/oschook,9.910369229530374,-1.4389591217041016,-3.656057834625244,9.098244667053223,1615057369670
/oschook,10.050629177310263,-1.582615613937378,-3.6129603385925293,9.244295120239258,1615057369689
/oschook,9.903687542971268,-2.099778890609741,-3.1795969009399414,9.141341209411621,1615057369710
/oschook,10.178764149432443,-2.171607255935669,-3.0143918991088867,9.476539611816406,1615057369729
/oschook,10.01351407331599,-2.0949904918670654,-3.201145648956299,9.25387191772461,1615057369750
/oschook,10.020156377309254,-2.226675510406494,-3.440573215484619,9.143735885620117,1615057369770
/oschook,10.010583462123277,-2.1285102367401123,-3.5554981231689453,9.11260986328125,1615057369789
/oschook,9.94568712112836,-1.980065107345581,-3.538738250732422,9.0814847946167,1615057369809
/oschook,10.02786776395169,-2.166818618774414,-3.469303846359253,9.155706405639648,1615057369829
/oschook,10.127687808083824,-2.3799092769622803,-3.3040993213653564,9.273026466369629,1615057369849
/oschook,10.012914614216827,-2.133298873901367,-3.0598831176757812,9.292180061340332,1615057369869
/oschook,10.235200917706704,-1.362342357635498,-3.189173936843872,9.629773139953613,1615057369889
/oschook,10.034747689719742,-2.691164970397949,-3.435784101486206,9.035993576049805,1615057369909
/oschook,9.715324621478395,-0.9529213905334473,-2.9545350074768066,9.205986976623535,1615057369930
/oschook,8.56221817200202,-1.2617827653884888,-2.4086403846740723,8.118986129760742,1615057369949
/oschook,9.538451041879393,-0.8643332719802856,-3.2370598316192627,8.930644989013672,1615057369970
/oschook,10.450940670082955,-1.8100717067718506,-3.972101926803589,9.495694160461426,1615057369989
/oschook,10.803561155353309,-2.387091875076294,-3.9840731620788574,9.75427532196045,1615057370010
/oschook,10.18716686935298,-2.3966691493988037,-3.533949613571167,9.249083518981934,1615057370030
/oschook,9.224174876316285,-2.1835787296295166,-3.1388943195343018,8.394327163696289,1615057370049
/oschook,9.373508793062623,-1.4581133127212524,-3.2131168842315674,8.68403434753418,1615057370070
/oschook,9.493631434563065,-1.3168511390686035,-3.430995464324951,8.75346851348877,1615057370089
/oschook,10.067351986968415,-1.6257126331329346,-3.782954454421997,9.186832427978516,1615057370109
/oschook,10.422459527645872,-1.9441511631011963,-3.7350687980651855,9.534002304077148,1615057370130
/oschook,10.187828328236478,-2.6863763332366943,-3.191568374633789,9.294574737548828,1615057370149
/oschook,10.056837631225951,-2.2841382026672363,-3.007209062576294,9.320911407470703,1615057370169
/oschook,9.81101760039896,-2.171607255935669,-3.1173458099365234,9.045570373535156,1615057370190
/oschook,9.973950291373733,-2.0949904918670654,-3.3950817584991455,9.141341209411621,1615057370210
/oschook,10.055136081999319,-2.0638649463653564,-3.5219779014587402,9.189227104187012,1615057370229
/oschook,10.049336855487962,-2.0973846912384033,-3.498035430908203,9.18443775177002,1615057370250
/oschook,9.976190237672578,-2.099778890609741,-3.4812755584716797,9.110215187072754,1615057370270
/oschook,10.139097124811395,-1.999219536781311,-3.4142355918884277,9.335277557373047,1615057370290
/oschook,10.180123018199518,-2.051893472671509,-3.2442424297332764,9.428654670715332,1615057370309
/oschook,9.949388964514593,-1.951333999633789,-2.9952378273010254,9.284997940063477,1615057370330
/oschook,9.81596798117667,-1.472478985786438,-2.7438390254974365,9.308940887451172,1615057370349
/oschook,9.051683855002388,-0.8188420534133911,-2.6241252422332764,8.624177932739258,1615057370370
/oschook,9.427006130984141,-1.1061549186706543,-3.1508655548095703,8.815719604492188,1615057370390
/oschook,11.297397558890498,-1.5754327774047852,-3.933793544769287,10.47255802154541,1615057370409
/oschook,8.949426989906291,-1.2258687019348145,-3.5267670154571533,8.13335132598877,1615057370429
/oschook,9.047334040421218,-1.0367209911346436,-3.2179055213928223,8.39193344116211,1615057370450
/oschook,10.05119562078634,-1.551490068435669,-3.6704230308532715,9.227535247802734,1615057370469
/oschook,10.636452795432398,-2.3008980751037598,-4.03195858001709,9.569916725158691,1615057370489
/oschook,10.283532737959453,-2.0542876720428467,-3.902667999267578,9.289786338806152,1615057370510
/oschook,9.52658010486307,-1.9010541439056396,-3.344802141189575,8.715160369873047,1615057370529
/oschook,9.695266283010481,-1.9728825092315674,-3.0598831176757812,8.985713005065918,1615057370550
/oschook,9.982303072283488,-2.018373727798462,-3.289733409881592,9.205986976623535,1615057370569
/oschook,10.256881471355912,-2.4110348224639893,-3.466909885406494,9.347249031066895,1615057370590
/oschook,10.11396143174926,-2.413429021835327,-3.2370598316192627,9.273026466369629,1615057370609
/oschook,9.948411890648918,-2.2147042751312256,-2.9641122817993164,9.234718322753906,1615057370630
/oschook,9.89440544093415,-2.08062481880188,-3.0574889183044434,9.177255630493164,1615057370649
/oschook,9.85890145632061,-2.08062481880188,-3.34959077835083,9.035993576049805,1615057370670
/oschook,9.977757881477388,-2.111750364303589,-3.565075397491455,9.076695442199707,1615057370689
/oschook,9.909176284285671,-2.1309046745300293,-3.562680721282959,8.997684478759766,1615057370710
/oschook,9.709390771262422,-2.018373727798462,-3.435784101486206,8.854028701782227,1615057370730
/oschook,9.746717395158473,-2.0949904918670654,-3.4214186668395996,8.882759094238281,1615057370750
/oschook,10.011668913712462,-2.171607255935669,-3.507612705230713,9.122186660766602,1615057370770
/oschook,10.193113876649774,-2.2482240200042725,-3.380715847015381,9.349642753601074,1615057370789
/oschook,10.38424538740176,-2.236252784729004,-2.9904491901397705,9.689630508422852,1615057370810
/oschook,10.051260794502396,-2.018373727798462,-2.578634023666382,9.502876281738281,1615057370830
/oschook,9.252585439440587,-1.4988160133361816,-2.48046875,8.786988258361816,1615057370849
/oschook,9.060547777464361,-0.8906701803207397,-3.069460391998291,8.478127479553223,1615057370870
/oschook,11.164596702449506,-2.099778890609741,-4.103786945343018,10.168484687805176,1615057370889
/oschook,10.1800369290361,-1.240234375,-3.5507094860076904,9.459779739379883,1615057370910
/oschook,8.907257502571904,-2.1787900924682617,-2.576239585876465,8.243488311767578,1615057370930
/oschook,9.884479657814456,-1.0008069276809692,-3.225088119506836,9.289786338806152,1615057370950
/oschook,10.335723120829046,-1.7095123529434204,-3.902667999267578,9.416683197021484,1615057370970
/oschook,10.318761852684137,-1.956122636795044,-3.9768905639648438,9.318517684936523,1615057370989
/oschook,9.835738506145853,-1.893871545791626,-3.529160976409912,8.983319282531738,1615057371010
/oschook,9.543946361581181,-1.8507744073867798,-3.186779737472534,8.80374813079834,1615057371029
/oschook,9.358619724842733,-1.5467015504837036,-3.2633965015411377,8.63375473022461,1615057371050
/oschook,9.588060607458765,-1.2857255935668945,-3.591412305831909,8.796566009521484,1615057371069
/oschook,9.787941637307924,-1.4078335762023926,-3.8236567974090576,8.899519920349121,1615057371090
/oschook,10.40642977380806,-2.049499273300171,-3.9553420543670654,9.404711723327637,1615057371110
/oschook,10.45086080776886,-2.669616460800171,-3.4860641956329346,9.483722686767578,1615057371129
/oschook,10.580801090183343,-3.253819227218628,-2.9617178440093994,9.622590065002441,1615057371150
/oschook,10.127791239401958,-2.604970932006836,-2.758204460144043,9.390345573425293,1615057371170
/oschook,9.851963761776771,-2.2841382026672363,-2.784541606903076,9.170072555541992,1615057371190
/oschook,9.838286673893684,-2.013585090637207,-3.0574889183044434,9.13176441192627,1615057371210
/oschook,9.961331480543185,-1.9489396810531616,-3.3280417919158936,9.18443775177002,1615057371229
/oschook,10.186064621006114,-2.202732801437378,-3.562680721282959,9.284997940063477,1615057371250
/oschook,10.226480656750248,-2.382303476333618,-3.6369032859802246,9.256266593933105,1615057371270
/oschook,10.2091760800705,-2.0878076553344727,-3.6225380897521973,9.313729286193848,1615057371289
/oschook,9.957103793483153,-1.8292258977890015,-3.3567733764648438,9.194015502929688,1615057371310
/oschook,9.709392729752485,-1.7119064331054688,-2.911438226699829,9.103033065795898,1615057371330
/oschook,9.892163473311353,-1.211503028869629,-2.7031362056732178,9.438231468200684,1615057371350
/oschook,8.869174179451639,-0.7565908432006836,-2.9641122817993164,8.324893951416016,1615057371369
/oschook,9.80851350793765,-0.4070267081260681,-3.900273561477661,8.99050235748291,1615057371390
/oschook,11.361546807653443,-2.293715238571167,-4.115758419036865,10.338479042053223,1615057371409
/oschook,9.028570411199295,-1.1731946468353271,-3.66084623336792,8.169265747070312,1615057371430
/oschook,9.200886835286276,-0.8260248303413391,-3.4836697578430176,8.475732803344727,1615057371450
/oschook,10.328166769558688,-1.8627456426620483,-3.7638001441955566,9.435836791992188,1615057371470
/oschook,10.261836718997156,-2.1572415828704834,-3.723097324371338,9.316123008728027,1615057371489
/oschook,9.890793478196327,-1.6879637241363525,-3.3328304290771484,9.158101081848145,1615057371510
/oschook,9.591532074464288,-1.5179702043533325,-3.076643228530884,8.956981658935547,1615057371529
/oschook,9.319496198270556,-1.7526090145111084,-3.1724140644073486,8.585869789123535,1615057371550
/oschook,9.972338688410856,-2.008796453475952,-3.7733771800994873,9.009655952453613,1615057371570
/oschook,10.529798128977637,-2.5570855140686035,-4.09181547164917,9.359220504760742,1615057371590
/oschook,10.516644324734555,-2.8060901165008545,-3.663240432739258,9.450202941894531,1615057371609
/oschook,10.17052488895831,-2.54032564163208,-2.944957971572876,9.397528648376465,1615057371629
/oschook,10.093225560442725,-2.013585090637207,-2.822849988937378,9.478934288024902,1615057371650
/oschook,9.930690672368605,-1.9824596643447876,-3.038334846496582,9.244295120239258,1615057371670
/oschook,9.695784542078561,-1.9656997919082642,-3.196356773376465,8.940221786499023,1615057371689
/oschook,9.669274675167557,-2.073441982269287,-3.419024705886841,8.80374813079834,1615057371710
/oschook,10.074061938312266,-2.602576732635498,-3.656057834625244,9.019232749938965,1615057371729
/oschook,10.341163015864513,-2.4613144397735596,-3.806896924972534,9.294574737548828,1615057371750
/oschook,9.911533846423145,-2.236252784729004,-3.498035430908203,9.000079154968262,1615057371769
/oschook,9.593567818202105,-1.7166950702667236,-3.158048391342163,8.894730567932129,1615057371790
/oschook,8.43592018311341,-0.8906701803207397,-3.2729735374450684,7.723930358886719,1615057371810
/oschook,9.885425473350768,-0.9002473950386047,-3.7997138500213623,9.0814847946167,1615057371830
/oschook,10.520245888030606,-1.1684061288833618,-3.538738250732422,9.838075637817383,1615057371850
/oschook,9.07944185285943,-0.7637736797332764,-2.9234094619750977,8.56192684173584,1615057371870
/oschook,9.365359053226426,-1.6089527606964111,-3.095797300338745,8.691217422485352,1615057371890
/oschook,10.143920442885305,-1.7095123529434204,-4.029564380645752,9.150918006896973,1615057371910
/oschook,10.148844107617125,-1.8340145349502563,-4.163643836975098,9.071907043457031,1615057371930
/oschook,10.120091621743294,-1.472478985786438,-3.6440863609313965,9.325700759887695,1615057371950
/oschook,9.92412829833535,-1.0989720821380615,-3.225088119506836,9.320911407470703,1615057371969
/oschook,10.000776054417253,-0.6967339515686035,-3.3017048835754395,9.414288520812988,1615057371990
/oschook,9.863793212494853,-1.283331274986267,-3.071854591369629,9.284997940063477,1615057372010
/oschook,10.400915197049075,-2.7438390254974365,-2.7725701332092285,9.641744613647461,1615057372030
/oschook,10.628058128211812,-3.098191499710083,-2.6265194416046143,9.821314811706543,1615057372050
/oschook,10.125371251840487,-2.0614705085754395,-2.4684972763061523,9.601041793823242,1615057372070
/oschook,9.34273905090386,-1.8986599445343018,-1.9920365810394287,8.928250312805176,1615057372090
/oschook,9.533728451661432,-0.4261809289455414,-2.3679378032684326,9.225140571594238,1615057372110
/oschook,9.432350539033363,-0.3495641350746155,-5.008822917938232,7.9849066734313965,1615057372130
/oschook,10.08228069079607,-0.8906701803207397,-5.387118339538574,8.475732803344727,1615057372150
/oschook,8.831743372264087,-1.1684061288833618,-3.5722579956054688,7.99208927154541,1615057372169
/oschook,9.284470576036709,-2.205127000808716,-2.4086403846740723,8.691217422485352,1615057372190
/oschook,10.22260229716394,-2.3392064571380615,-3.007209062576294,9.486116409301758,1615057372209
/oschook,10.17812530020641,-2.4613144397735596,-3.8188681602478027,9.107821464538574,1615057372230
/oschook,10.403418227338207,-1.6065584421157837,-3.9577362537384033,9.486116409301758,1615057372249
/oschook,10.399064973323064,-0.9433442950248718,-3.313676357269287,9.811738014221191,1615057372269
/oschook,9.834031871427632,-0.38068968057632446,-2.4277946949005127,9.5220308303833,1615057372290
/oschook,9.146280736060865,-0.6440598964691162,-2.3679378032684326,8.810931205749512,1615057372309
/oschook,9.336645498992024,-1.6065584421157837,-3.2346653938293457,8.609811782836914,1615057372330
/oschook,10.422962988673465,-3.105374336242676,-4.096604347229004,9.067118644714355,1615057372349
/oschook,7.132351391455537,-2.5810282230377197,-3.1748085021972656,5.8420305252075195,1615057372369
/oschook,8.795936270276865,-0.706311047077179,-3.4525444507598877,8.059128761291504,1615057372390
/oschook,9.575677274564937,-0.8978530764579773,-4.6329216957092285,8.332076072692871,1615057372410
/oschook,8.856750317004296,-0.14605076611042023,-3.814079761505127,7.99208927154541,1615057372430
/oschook,9.379357630319141,-1.52036452293396,-2.5499026775360107,8.897125244140625,1615057372449
/oschook,10.020850360856748,-2.511594295501709,-2.4900457859039307,9.375980377197266,1615057372469
/oschook,10.625359141414572,-3.5147953033447266,-3.0239691734313965,9.560338973999023,1615057372490
/oschook,10.74492387187125,-3.538738250732422,-3.313676357269287,9.589070320129395,1615057372509
/oschook,10.487212967671736,-2.597788095474243,-3.131711483001709,9.665687561035156,1615057372530
/oschook,10.09232259782454,-1.8866885900497437,-2.8348214626312256,9.500482559204102,1615057372549
/oschook,10.006530268520198,-1.4198049306869507,-2.882706880569458,9.476539611816406,1615057372569
/oschook,10.004132348044322,-1.242628574371338,-3.2945220470428467,9.364008903503418,1615057372590
/oschook,10.015709616484601,-1.3120626211166382,-3.562680721282959,9.268238067626953,1615057372609
/oschook,9.907919073038459,-1.6089527606964111,-3.5100066661834717,9.124581336975098,1615057372630
/oschook,9.806775139641335,-1.9441511631011963,-3.3878989219665527,8.995290756225586,1615057372649
/oschook,9.911038417966003,-2.0064022541046143,-3.4501500129699707,9.071907043457031,1615057372670
/oschook,9.897018541350958,-1.999219536781311,-3.5507094860076904,9.019232749938965,1615057372690
/oschook,9.942256942956451,-1.9154198169708252,-3.47169828414917,9.117398262023926,1615057372710
/oschook,9.972804621126551,-1.8651401996612549,-3.3376190662384033,9.210775375366211,1615057372729
/oschook,9.968005034603053,-1.917814016342163,-3.2729735374450684,9.217958450317383,1615057372749
/oschook,10.235220680662694,-1.9393627643585205,-3.318464994430542,9.486116409301758,1615057372770
/oschook,10.612719083450356,-2.1476645469665527,-3.3998703956604004,9.821314811706543,1615057372790
/oschook,10.639138478519834,-2.506805658340454,-2.949746608734131,9.909903526306152,1615057372809
/oschook,9.946103809501407,-2.3080809116363525,-2.288926601409912,9.399923324584961,1615057372830
/oschook,9.474105192025025,-1.8076775074005127,-1.845985770225525,9.115004539489746,1615057372849
/oschook,7.640362364262345,-1.5778270959854126,-2.20033860206604,7.1445159912109375,1615057372870
/oschook,9.884862126494829,-1.9944308996200562,-4.21152925491333,8.717555046081543,1615057372890
/oschook,12.593655756801203,0.05267404764890671,-6.845231533050537,10.570723533630371,1615057372910
/oschook,8.545221895437876,-2.607365369796753,-3.6440863609313965,7.276200771331787,1615057372929
/oschook,8.229149787888028,-2.8108785152435303,-0.7757450342178345,7.695199012756348,1615057372950
/oschook,9.090412053922572,-1.7478206157684326,-1.936968207359314,8.707977294921875,1615057372970
/oschook,9.923520541687274,-2.1811842918395996,-4.098998546600342,8.770228385925293,1615057372990
/oschook,10.132075797138508,-2.485257148742676,-4.484476566314697,8.739103317260742,1615057373010
/oschook,10.05541981148404,-2.444554567337036,-3.2969164848327637,9.179649353027344,1615057373050
/oschook,10.15428344849162,-2.0854134559631348,-3.7015488147735596,9.222746849060059,1615057373070
/oschook,10.13205492576109,-1.532335877418518,-3.8883023262023926,9.229928970336914,1615057373090
/oschook,10.449662688091635,-1.1899546384811401,-3.6129603385925293,9.73272705078125,1615057373109
/oschook,10.339434519159106,-1.1420691013336182,-3.3256478309631348,9.723150253295898,1615057373129
/oschook,10.032883598161208,-1.4676904678344727,-3.282550811767578,9.366402626037598,1615057373149
/oschook,10.048464311765963,-2.0327394008636475,-3.32085919380188,9.263449668884277,1615057373170
/oschook,10.347313774269377,-2.169213056564331,-3.351984739303589,9.545973777770996,1615057373190
/oschook,10.506147609997754,-3.1173458099365234,-3.383110523223877,9.445414543151855,1615057373210
/oschook,10.416960139284308,-2.6528565883636475,-3.6464805603027344,9.390345573425293,1615057373230
/oschook,9.986070863324095,-1.9656997919082642,-3.658451795578003,9.0814847946167,1615057373250
/oschook,9.755184764341568,-1.8842942714691162,-3.5531039237976074,8.887548446655273,1615057373269
/oschook,9.715216235191924,-1.9130256175994873,-3.6416919231414795,8.80135440826416,1615057373290
/oschook,9.852061437559076,-1.9896423816680908,-3.8021082878112793,8.868393898010254,1615057373309
/oschook,10.029444712817531,-2.1883671283721924,-3.8188681602478027,9.01205062866211,1615057373329
/oschook,10.196128477810007,-2.3416006565093994,-3.6752121448516846,9.217958450317383,1615057373350
/oschook,10.230544261755957,-2.4637088775634766,-3.531555652618408,9.2802095413208,1615057373370
/oschook,10.29693587795599,-2.5187771320343018,-3.4573330879211426,9.366402626037598,1615057373389
/oschook,10.255099558757177,-2.4972286224365234,-3.373533248901367,9.356825828552246,1615057373410
/oschook,10.144552480528668,-2.475680112838745,-3.251425266265869,9.284997940063477,1615057373430
/oschook,10.058075890912216,-2.444554567337036,-3.0622775554656982,9.263449668884277,1615057373449
/oschook,9.972812963249615,-2.4062461853027344,-2.971295118331909,9.210775375366211,1615057373470
/oschook,9.932410751727085,-2.3104751110076904,-2.971295118331909,9.191620826721191,1615057373489
/oschook,9.90331841402698,-2.3631491661071777,-3.0814316272735596,9.110215187072754,1615057373509
/oschook,9.891168678901735,-2.3320236206054688,-3.225088119506836,9.055147171020508,1615057373530
/oschook,9.917064728546793,-2.384697675704956,-3.318464994430542,9.035993576049805,1615057373549
/oschook,9.852155136387672,-2.2530126571655273,-3.3017048835754395,9.004867553710938,1615057373569
/oschook,9.785793002962766,-2.0279507637023926,-3.229876756668091,9.01205062866211,1615057373590
/oschook,9.682737392043482,-1.9249969720840454,-3.2083282470703125,8.930644989013672,1615057373610
/oschook,9.700318615228808,-1.9537280797958374,-3.2107224464416504,8.94261646270752,1615057373630
/oschook,9.673225178416118,-2.0399222373962402,-3.2610023021698,8.875576972961426,1615057373650
/oschook,9.695810054128989,-2.0375277996063232,-3.316070556640625,8.880365371704102,1615057373670
/oschook,9.619292414951344,-2.008796453475952,-3.2442424297332764,8.830085754394531,1615057373689
/oschook,9.572195935753752,-2.0351336002349854,-3.1388943195343018,8.810931205749512,1615057373710
/oschook,9.652180134381812,-2.049499273300171,-3.124528646469116,8.899519920349121,1615057373729
/oschook,9.713130241755476,-2.1213274002075195,-3.196356773376465,8.9234619140625,1615057373750
/oschook,9.826143335380102,-2.1596357822418213,-3.3256478309631348,8.99050235748291,1615057373770
/oschook,9.879446380812336,-2.164424419403076,-3.3376190662384033,9.04317569732666,1615057373790
