/oschook,9.994964475535415,-1.1468576192855835,-3.598595142364502,9.25387191772461,1615057684470
/oschook,9.66454169697617,-1.1277034282684326,-3.3232531547546387,9.004867553710938,1615057684489
/oschook,9.758956946713859,-1.2186858654022217,-3.2394537925720215,9.124581336975098,1615057684510
/oschook,9.91200860605364,-1.4509304761886597,-3.3687446117401123,9.208380699157715,1615057684530
/oschook,9.985835823657183,-1.7406377792358398,-3.435784101486206,9.21316909790039,1615057684550
/oschook,9.866183031545644,-1.980065107345581,-3.430995464324951,9.035993576049805,1615057684569
/oschook,9.715292628982178,-2.073441982269287,-3.438178539276123,8.846845626831055,1615057684590
/oschook,9.612879068421709,-1.922602653503418,-3.4525444507598877,8.763046264648438,1615057684609
/oschook,9.640757275507546,-1.9824596643447876,-3.447755813598633,8.78219985961914,1615057684630
/oschook,9.749575576189326,-2.0375277996063232,-3.4884581565856934,8.87318229675293,1615057684649
/oschook,9.9417559764121,-2.0566821098327637,-3.5818352699279785,9.04317569732666,1615057684670
/oschook,9.955811940072339,-1.922602653503418,-3.5435264110565186,9.103033065795898,1615057684690
/oschook,9.826583807228694,-1.889082670211792,-3.419024705886841,9.016839027404785,1615057684709
/oschook,9.69863820256986,-1.8986599445343018,-3.3232531547546387,8.911490440368652,1615057684730
/oschook,9.486145588452882,-2.0040080547332764,-3.2107224464416504,8.698400497436523,1615057684749
/oschook,9.554954432809769,-2.1165390014648438,-3.2059340476989746,8.748680114746094,1615057684770
/oschook,10.005271829084926,-2.0830190181732178,-3.567469358444214,9.11260986328125,1615057684790
/oschook,10.364807280463308,-2.0878076553344727,-4.067873001098633,9.3017578125,1615057684809
/oschook,10.436647431465413,-2.0303449630737305,-4.285751819610596,9.296969413757324,1615057684830
/oschook,10.423523384631011,-1.9154198169708252,-3.936187744140625,9.459779739379883,1615057684849
/oschook,10.028864122132129,-1.9106314182281494,-3.3998703956604004,9.239506721496582,1615057684870
/oschook,9.688488230665484,-1.7310607433319092,-3.0790374279022217,9.021627426147461,1615057684890
/oschook,9.508959077868457,-1.599375605583191,-3.165231227874756,8.82290267944336,1615057684911
/oschook,9.780510910517366,-1.594586968421936,-3.505218029022217,8.99050235748291,1615057684929
/oschook,10.29112260120325,-1.7669748067855835,-3.9146392345428467,9.35203742980957,1615057684949
/oschook,11.070910868509296,-2.3703320026397705,-4.0439300537109375,10.029617309570312,1615057684970
/oschook,8.76151576142588,-2.9569294452667236,-3.407052993774414,7.510839939117432,1615057684990
/oschook,11.648841639617691,-2.3990633487701416,-3.447755813598633,10.865219116210938,1615057685012
/oschook,11.648841639617691,-2.3990633487701416,-3.447755813598633,10.865219116210938,1615057685029
/oschook,9.370335579465086,-1.1277034282684326,-2.911438226699829,8.834874153137207,1615057685050
/oschook,9.168470192211965,-1.1348862648010254,-2.5546913146972656,8.73192024230957,1615057685070
/oschook,9.454503581391052,-1.1205205917358398,-3.0167863368988037,8.889942169189453,1615057685089
/oschook,9.723433538954932,-1.5490957498550415,-3.383110523223877,8.983319282531738,1615057685109
/oschook,10.186254998399315,-2.2745611667633057,-3.253819227218628,9.380768775939941,1615057685130
/oschook,9.691811807020837,-2.9042553901672363,-2.9928436279296875,8.748680114746094,1615057685150
/oschook,8.96811013567977,-2.423006057739258,-2.9258038997650146,8.123774528503418,1615057685170
/oschook,9.939424933975394,-0.8284190893173218,-3.3902931213378906,9.306546211242676,1615057685190
/oschook,9.841008220860816,-0.6847625970840454,-3.536343812942505,9.158101081848145,1615057685210
/oschook,10.248705780462098,-2.2458298206329346,-3.4501500129699707,9.385557174682617,1615057685229
/oschook,9.993602491628748,-2.0638649463653564,-3.4836697578430176,9.136552810668945,1615057685250
/oschook,9.897514577785547,-2.2482240200042725,-3.5243725776672363,8.97134780883789,1615057685269
/oschook,10.2735298404635,-2.3104751110076904,-3.687182903289795,9.306546211242676,1615057685290
/oschook,10.053439136655147,-2.1787900924682617,-3.8308396339416504,9.035993576049805,1615057685310
/oschook,9.87744938211506,-1.7885233163833618,-3.849993944168091,8.918673515319824,1615057685329
/oschook,9.914760795537669,-1.7885233163833618,-3.778165340423584,8.99050235748291,1615057685350
/oschook,9.747652509430324,-1.6951465606689453,-3.809291124343872,8.810931205749512,1615057685370
/oschook,10.008195048850558,-1.5179702043533325,-3.8835136890411377,9.098244667053223,1615057685390
/oschook,10.206608024264243,-1.5610672235488892,-3.6081721782684326,9.419076919555664,1615057685410
/oschook,10.086286100953341,-1.7789461612701416,-3.035940408706665,9.452596664428711,1615057685429
/oschook,9.260995264542158,-1.611346960067749,-2.4062461853027344,8.796566009521484,1615057685450
/oschook,9.524397341836902,-1.6568381786346436,-3.5435264110565186,8.68403434753418,1615057685469
/oschook,9.17092866440433,-0.5243461728096008,-3.498035430908203,8.4613676071167,1615057685490
/oschook,9.085667623698125,-0.8379961848258972,-3.0790374279022217,8.506858825683594,1615057685509
/oschook,10.203570578222564,-1.2546000480651855,-3.5171897411346436,9.495694160461426,1615057685530
/oschook,10.143478667241052,-1.9609110355377197,-3.9290051460266113,9.143735885620117,1615057685549
/oschook,10.596105766408874,-1.9656997919082642,-3.6488747596740723,9.75188159942627,1615057685569
/oschook,10.574894050443026,-1.783734679222107,-3.186779737472534,9.92426872253418,1615057685589
/oschook,9.58359124749791,-1.7813403606414795,-2.7773587703704834,8.997684478759766,1615057685610
/oschook,9.364667649840081,-1.8555629253387451,-2.669616460800171,8.78219985961914,1615057685630
/oschook,9.821014956138589,-0.9146129488945007,-3.201145648956299,9.239506721496582,1615057685649
/oschook,9.166592932647767,-1.4198049306869507,-2.9641122817993164,8.557138442993164,1615057685670
/oschook,9.727420309315596,-1.659232497215271,-2.82045578956604,9.16049575805664,1615057685690
/oschook,9.852409586914,-1.6328954696655273,-3.225088119506836,9.165284156799316,1615057685710
/oschook,10.134197756640624,-1.8842942714691162,-3.9313995838165283,9.148524284362793,1615057685729
/oschook,10.512334411714209,-2.329629421234131,-4.369551658630371,9.273026466369629,1615057685750
/oschook,10.599765683132354,-2.5570855140686035,-4.467716693878174,9.265843391418457,1615057685770
/oschook,10.358226850777598,-2.3320236206054688,-4.307300567626953,9.126976013183594,1615057685790
/oschook,10.00521699274045,-2.0614705085754395,-4.017592906951904,8.928250312805176,1615057685810
/oschook,9.767628642676346,-1.7526090145111084,-3.8835136890411377,8.789382934570312,1615057685830
/oschook,9.603130532985725,-1.7071177959442139,-3.7661941051483154,8.667274475097656,1615057685850
/oschook,9.977196883934818,-1.7909176349639893,-3.6225380897521973,9.122186660766602,1615057685870
/oschook,10.42125759297844,-2.133298873901367,-3.1364998817443848,9.706390380859375,1615057685890
/oschook,9.539046530868584,-2.348783493041992,-2.0949904918670654,9.004867553710938,1615057685911
/oschook,7.107104958755833,-2.2530126571655273,-1.2929084300994873,6.615380764007568,1615057685930
/oschook,11.409348078125008,-3.316070556640625,-3.1149516105651855,10.462981224060059,1615057685950
/oschook,10.447629594755732,-0.33998700976371765,-5.090228080749512,9.117398262023926,1615057685969
/oschook,9.399928838625227,-1.4605076313018799,-4.620950222015381,8.054340362548828,1615057685990
/oschook,10.335681296689247,-0.9265843629837036,-3.282550811767578,9.756669998168945,1615057686009
/oschook,9.77160886779918,-1.393467903137207,-2.4110348224639893,9.366402626037598,1615057686030
/oschook,9.812048052617152,-1.9465453624725342,-1.917814016342163,9.42386531829834,1615057686050
/oschook,9.939848498697943,-2.1787900924682617,-2.1787900924682617,9.450202941894531,1615057686070
/oschook,10.047943455548804,-2.2099156379699707,-2.7701759338378906,9.40231704711914,1615057686089
/oschook,10.600617723120052,-2.102173328399658,-3.0215747356414795,9.941028594970703,1615057686110
/oschook,10.407674840720043,-2.238646984100342,-2.5810282230377197,9.830892562866211,1615057686130
/oschook,9.71586396150126,-2.104567527770996,-2.0925962924957275,9.25147819519043,1615057686150
/oschook,9.539974439540945,-1.2378400564193726,-2.423006057739258,9.143735885620117,1615057686169
/oschook,9.505699159523381,-1.228263020515442,-3.2466366291046143,8.849239349365234,1615057686190
/oschook,9.419958902844133,-1.314456820487976,-4.087027072906494,8.384750366210938,1615057686210
/oschook,10.385944853102632,-1.4221992492675781,-4.673624515533447,9.165284156799316,1615057686229
/oschook,10.635388496272563,-1.9106314182281494,-4.704750061035156,9.344854354858398,1615057686250
/oschook,9.877237299852151,-2.8013014793395996,-3.900273561477661,8.63136100769043,1615057686270
/oschook,9.854358531258205,-2.4637088775634766,-3.2945220470428467,8.954587936401367,1615057686290
/oschook,9.87127720106488,-1.9202083349227905,-3.1508655548095703,9.155706405639648,1615057686309
/oschook,9.986584798619898,-1.7741577625274658,-3.3687446117401123,9.23232364654541,1615057686330
/oschook,9.9699311852231,-1.5850099325180054,-3.6440863609313965,9.143735885620117,1615057686349
/oschook,9.79143284022388,-1.6903579235076904,-3.557892322540283,8.964164733886719,1615057686370
/oschook,9.953147949127974,-1.702329397201538,-3.134105682373047,9.292180061340332,1615057686389
/oschook,9.93631873606254,-1.7071177959442139,-2.851581335067749,9.364008903503418,1615057686410
/oschook,9.658300051266215,-1.2689656019210815,-3.1795969009399414,9.031204223632812,1615057686430
/oschook,10.569935598359034,-2.949746608734131,-2.8396098613739014,9.744698524475098,1615057686449
/oschook,9.551575003877582,-0.05027977377176285,-2.4301888942718506,9.237112045288086,1615057686470
/oschook,8.511608139139534,-0.7110996246337891,-2.298503875732422,8.164477348327637,1615057686490
/oschook,10.107628982208526,-0.7158881425857544,-3.596200466156006,9.419076919555664,1615057686510
/oschook,10.365119566654789,-1.0032011270523071,-4.132518291473389,9.452596664428711,1615057686530
/oschook,10.368866160339353,-1.4581133127212524,-3.34959077835083,9.703995704650879,1615057686549
/oschook,10.32098790474084,-1.8579572439193726,-2.4301888942718506,9.857229232788086,1615057686570
/oschook,9.824217406398141,-2.3775148391723633,-2.418217658996582,9.220352172851562,1615057686590
/oschook,10.112479478552563,-1.8364088535308838,-3.380715847015381,9.35203742980957,1615057686610
/oschook,10.579742946113836,-1.4437477588653564,-4.0750555992126465,9.656110763549805,1615057686630
/oschook,10.70616403085279,-1.0271438360214233,-3.9792847633361816,9.885960578918457,1615057686649
/oschook,9.758837018421078,-1.4198049306869507,-3.0574889183044434,9.158101081848145,1615057686670
/oschook,9.817589404281613,-1.6281068325042725,-3.1125571727752686,9.167677879333496,1615057686690
/oschook,9.852411723798554,-1.831620216369629,-3.529160976409912,9.014444351196289,1615057686710
/oschook,9.959256858987978,-1.7741577625274658,-3.7590115070343018,9.050358772277832,1615057686730
/oschook,9.916001020200062,-1.8340145349502563,-3.6488747596740723,9.035993576049805,1615057686749
/oschook,9.940739653042833,-1.7669748067855835,-3.4956412315368652,9.136552810668945,1615057686770
/oschook,9.960668001184393,-1.6759923696517944,-3.4525444507598877,9.191620826721191,1615057686790
/oschook,10.13476217367352,-1.673598051071167,-3.5602867603302,9.340065956115723,1615057686809
/oschook,10.03716307830942,-1.6305011510849,-3.47169828414917,9.275420188903809,1615057686830
/oschook,10.00766604347456,-1.52036452293396,-3.0574889183044434,9.407105445861816,1615057686850
/oschook,9.269095744670517,-0.6488484740257263,-2.664827823638916,8.854028701782227,1615057686869
/oschook,9.77799203177158,-1.1755889654159546,-2.4684972763061523,9.387951850891113,1615057686890
/oschook,8.419012159242309,0.08619388937950134,-2.2170984745025635,8.121379852294922,1615057686909
/oschook,8.881235935180825,0.13168510794639587,-2.382303476333618,8.554743766784668,1615057686932
/oschook,9.904675693231981,-1.2905141115188599,-3.0479118824005127,9.335277557373047,1615057686950
/oschook,10.437029580758503,-2.171607255935669,-3.4956412315368652,9.59146499633789,1615057686970
/oschook,10.628486956269764,-2.504411458969116,-3.4525444507598877,9.735121726989746,1615057686990
/oschook,10.385372065777993,-2.7055306434631348,-3.155654191970825,9.517242431640625,1615057687010
/oschook,10.00025702777885,-2.6767992973327637,-3.0239691734313965,9.148524284362793,1615057687030
/oschook,9.858290829165888,-1.980065107345581,-3.1772027015686035,9.119792938232422,1615057687050
/oschook,9.853514415672118,-1.149251937866211,-3.4812755584716797,9.146129608154297,1615057687070
/oschook,9.661238279254157,-1.2258687019348145,-3.3112823963165283,8.99289608001709,1615057687090
/oschook,9.930805787998635,-1.3216396570205688,-3.258608341217041,9.287391662597656,1615057687109
/oschook,9.839759934341151,-1.4700847864151,-3.383110523223877,9.122186660766602,1615057687130
/oschook,10.08842571815992,-1.889082670211792,-3.5459208488464355,9.25387191772461,1615057687150
/oschook,9.998925382139973,-2.1261160373687744,-3.536343812942505,9.107821464538574,1615057687170
/oschook,9.8603254430765,-2.0040080547332764,-3.469303846359253,9.009655952453613,1615057687190
/oschook,9.952060058770078,-1.9297854900360107,-3.4286015033721924,9.141341209411621,1615057687210
/oschook,10.034919263537299,-1.9656997919082642,-3.624932050704956,9.148524284362793,1615057687229
/oschook,10.164305937380993,-2.0327394008636475,-3.7638001441955566,9.220352172851562,1615057687250
/oschook,10.26223924731529,-2.015979290008545,-3.6153550148010254,9.390345573425293,1615057687270
/oschook,10.290202957141764,-1.9680938720703125,-3.222693920135498,9.572310447692871,1615057687290
/oschook,9.722921498508905,-1.4461419582366943,-2.7175018787384033,9.222746849060059,1615057687309
/oschook,10.398404464782752,-0.40942102670669556,-2.818061351776123,10.000885963439941,1615057687330
/oschook,7.964253415991188,-1.6041641235351562,-3.402264356613159,7.020013332366943,1615057687350
/oschook,8.956140491525723,-0.4860377907752991,-3.1484713554382324,8.37038516998291,1615057687370
/oschook,9.540808151511955,-1.5921927690505981,-2.6241252422332764,9.033598899841309,1615057687390
/oschook,10.375859930930984,-2.1309046745300293,-3.0455174446105957,9.687235832214355,1615057687410
/oschook,10.394021227771258,-2.3942747116088867,-3.3974757194519043,9.526819229125977,1615057687429
/oschook,10.489694200076377,-2.545114040374756,-3.1388943195343018,9.680052757263184,1615057687450
/oschook,9.986912091071057,-2.391880512237549,-2.9258038997650146,9.244295120239258,1615057687470
/oschook,10.395535744201231,-2.2410411834716797,-3.0790374279022217,9.672870635986328,1615057687489
/oschook,10.373212854506566,-3.043123245239258,-2.7701759338378906,9.5220308303833,1615057687510
/oschook,10.159606465306053,-2.384697675704956,-2.485257148742676,9.557945251464844,1615057687530
/oschook,9.674621376967462,-1.3599480390548706,-2.7031362056732178,9.189227104187012,1615057687551
/oschook,9.381666120242498,-0.9385557174682617,-3.222693920135498,8.760651588439941,1615057687570
/oschook,9.30919622971071,-0.5913859009742737,-3.684788942337036,8.528407096862793,1615057687590
/oschook,9.432082570263102,-0.6560313105583191,-3.907456159591675,8.559532165527344,1615057687610
/oschook,10.001054728681572,-2.0830190181732178,-3.751828670501709,9.033598899841309,1615057687629
/oschook,10.479633040060603,-3.167625665664673,-3.684788942337036,9.284997940063477,1615057687650
/oschook,10.968317437294582,-3.196356773376465,-3.8954854011535645,9.742303848266602,1615057687669
/oschook,10.584640755202173,-2.8635525703430176,-3.7997138500213623,9.454991340637207,1615057687689
/oschook,10.561266382071931,-2.2218871116638184,-3.5722579956054688,9.687235832214355,1615057687710
/oschook,9.99398759266754,-1.8627456426620483,-3.1795969009399414,9.289786338806152,1615057687729
/oschook,9.627828440470877,-1.7597919702529907,-2.693559169769287,9.074301719665527,1615057687750
/oschook,9.459586319827775,-1.5874042510986328,-2.4062461853027344,9.009655952453613,1615057687770
/oschook,11.0435255066447,-0.32801565527915955,-3.2969164848327637,10.534809112548828,1615057687790
/oschook,8.784154972874424,-2.071047782897949,-3.962524890899658,7.56112003326416,1615057687810
/oschook,9.215801321891831,-0.1005595475435257,-3.347196102142334,8.585869789123535,1615057687829
/oschook,9.411295365651473,-0.18675343692302704,-2.5235655307769775,9.06472396850586,1615057687850
/oschook,9.727887547425901,-1.0750293731689453,-2.8396098613739014,9.241900444030762,1615057687870
/oschook,11.204811246563319,-1.2354458570480347,-3.624932050704956,10.530020713806152,1615057687889
/oschook,11.53843752158996,-1.6807807683944702,-3.589017868041992,10.836487770080566,1615057687910
/oschook,9.958084028408834,-2.1596357822418213,-2.478074312210083,9.399923324584961,1615057687930
/oschook,9.017649042650588,-1.6305011510849,-1.7669748067855835,8.691217422485352,1615057687950
/oschook,9.559267427473053,-1.4150164127349854,-2.231464147567749,9.186832427978516,1615057687970
/oschook,10.167804704305363,-0.6368771195411682,-3.007209062576294,9.692024230957031,1615057687991
/oschook,9.563270893915922,-0.6105400919914246,-2.9856607913970947,9.06472396850586,1615057688009
/oschook,9.704934233175088,0.22745612263679504,-2.7989072799682617,9.289786338806152,1615057688030
/oschook,8.807067014789942,-0.6249057054519653,-4.072661399841309,7.783787727355957,1615057688049
/oschook,9.776215554444613,-0.25858166813850403,-4.345608711242676,8.75346851348877,1615057688070
/oschook,8.681439100984282,-1.1971373558044434,-3.347196102142334,7.920260429382324,1615057688090
/oschook,9.965647106264583,-1.4940274953842163,-2.9305922985076904,9.407105445861816,1615057688110
/oschook,10.575683700192728,-1.8196489810943604,-3.1388943195343018,9.933846473693848,1615057688129
/oschook,10.58123838379755,-2.08062481880188,-3.4262073040008545,9.792584419250488,1615057688150
/oschook,10.66824434514198,-1.501210331916809,-3.3687446117401123,10.010462760925293,1615057688170
/oschook,10.235358598326197,-1.3168511390686035,-2.8324270248413086,9.747093200683594,1615057688190
/oschook,9.480137457510622,-1.2019259929656982,-2.578634023666382,9.04317569732666,1615057688209
/oschook,9.6657809636543,-0.6177229285240173,-3.007209062576294,9.165284156799316,1615057688230
/oschook,10.84038882854388,-1.1947431564331055,-3.629720687866211,10.144542694091797,1615057688250
/oschook,10.253858816509512,-1.9609110355377197,-4.029564380645752,9.222746849060059,1615057688269
/oschook,11.19192091924009,-1.6017698049545288,-3.0790374279022217,10.640157699584961,1615057688290
/oschook,8.413802580350694,-0.9888355135917664,-3.5507094860076904,7.56351375579834,1615057688310
/oschook,9.104107711692349,0.13886794447898865,-4.268991947174072,8.0399751663208,1615057688329
/oschook,8.89313561260809,-0.6871568560600281,-3.2346653938293457,8.255459785461426,1615057688350
/oschook,9.511910298633893,-2.044710636138916,-2.573845386505127,8.925856590270996,1615057688370
/oschook,10.221801521570528,-2.573845386505127,-2.8060901165008545,9.486116409301758,1615057688390
/oschook,10.668894142972322,-3.3280417919158936,-3.2083282470703125,9.615407943725586,1615057688409
/oschook,10.799371272410987,-2.9281980991363525,-3.4597270488739014,9.80216121673584,1615057688430
/oschook,10.52333654318188,-2.0973846912384033,-3.2753682136535645,9.778218269348145,1615057688450
/oschook,9.973882070345814,-1.6903579235076904,-2.9210152626037598,9.385557174682617,1615057688469
/oschook,9.604379356844655,-1.484450340270996,-2.851581335067749,9.050358772277832,1615057688489
/oschook,10.05882119171331,-1.2186858654022217,-3.2993106842041016,9.42386531829834,1615057688510
/oschook,10.116830509098245,-1.5658557415008545,-3.507612705230713,9.359220504760742,1615057688530
/oschook,9.871452127345497,-1.8603515625,-3.3280417919158936,9.105426788330078,1615057688550
/oschook,9.896551556895938,-1.7286665439605713,-3.201145648956299,9.203592300415039,1615057688569
/oschook,9.78015485806458,-1.5682499408721924,-3.3974757194519043,9.035993576049805,1615057688590
/oschook,9.95805815779797,-1.228263020515442,-3.7302803993225098,9.150918006896973,1615057688609
/oschook,10.081140620647995,-1.4078335762023926,-3.905062198638916,9.186832427978516,1615057688630
/oschook,10.122361494683359,-2.1835787296295166,-3.6823947429656982,9.172467231750488,1615057688650
/oschook,10.029412736734818,-2.88031268119812,-3.3280417919158936,9.01205062866211,1615057688670
/oschook,10.375574139443506,-2.5235655307769775,-3.4214186668395996,9.464568138122559,1615057688689
/oschook,10.579407283412237,-1.7095123529434204,-4.10139274597168,9.601041793823242,1615057688710
/oschook,8.058134162521222,-2.015979290008545,-3.557892322540283,6.94339656829834,1615057688730
/oschook,9.300459975006312,-2.5259599685668945,-2.82045578956604,8.494887351989746,1615057688750
/oschook,11.29164222254058,0.2897072434425354,-2.597788095474243,10.984932899475098,1615057688769
/oschook,8.778077026212264,1.1684061288833618,-2.2769553661346436,8.396721839904785,1615057688790
/oschook,8.930783157550776,0.29928433895111084,-2.672010660171509,8.516435623168945,1615057688810
/oschook,9.733810851937108,-0.6560313105583191,-3.8547825813293457,8.913885116577148,1615057688830
/oschook,10.408479237363256,-2.1811842918395996,-4.369551658630371,9.191620826721191,1615057688849
/oschook,11.530946042922867,-3.0862202644348145,-4.1109700202941895,10.3217191696167,1615057688870
/oschook,10.880501166255613,-4.23068380355835,-2.913832426071167,9.59146499633789,1615057688890
/oschook,10.066823720072266,-3.6033835411071777,-1.9896423816680908,9.186832427978516,1615057688909
/oschook,9.415512497507217,-2.207521438598633,-2.109356164932251,8.906702041625977,1615057688930
/oschook,10.109706743822652,-1.393467903137207,-3.2059340476989746,9.486116409301758,1615057688950
/oschook,10.01158126252383,-0.7637736797332764,-3.972101926803589,9.158101081848145,1615057688969
/oschook,9.645831168593997,-0.8547561764717102,-3.775771379470825,8.834874153137207,1615057688990
/oschook,9.42874509771914,-1.0175668001174927,-3.2705795764923096,8.784594535827637,1615057689010
/oschook,9.493284140250038,-1.6831753253936768,-3.3543789386749268,8.719948768615723,1615057689030
/oschook,10.009769137971295,-2.171607255935669,-3.9218220710754395,8.949799537658691,1615057689050
/oschook,10.447470204642688,-2.478074312210083,-4.429408550262451,9.13176441192627,1615057689070
/oschook,10.526871369555844,-2.4876515865325928,-4.453351020812988,9.208380699157715,1615057689090
/oschook,10.354448751005476,-2.138087511062622,-4.09181547164917,9.268238067626953,1615057689110
/oschook,10.161335425449371,-1.7957061529159546,-3.723097324371338,9.28260326385498,1615057689130
/oschook,10.039984655647237,-1.6352897882461548,-3.5219779014587402,9.258660316467285,1615057689150
/oschook,9.580310047180436,-1.599375605583191,-3.373533248901367,8.82290267944336,1615057689170
/oschook,9.79753880257275,-1.7789461612701416,-3.000026226043701,9.155706405639648,1615057689190
/oschook,9.313774198070801,-2.791724443435669,-2.2242813110351562,8.602629661560059,1615057689210
/oschook,9.902141037514488,-1.4676904678344727,-2.4684972763061523,9.476539611816406,1615057689230
/oschook,8.214215147506598,0.18675343692302704,-2.478074312210083,7.829278469085693,1615057689249
/oschook,9.051864037171372,-1.8795057535171509,-3.351984739303589,8.195602416992188,1615057689270
/oschook,11.516204672675583,-2.0686533451080322,-5.384724140167236,9.967366218566895,1615057689290
/oschook,11.170708035544964,-2.322446584701538,-5.384724140167236,9.507665634155273,1615057689309
/oschook,10.027696742940513,-2.425400495529175,-3.2394537925720215,9.174860954284668,1615057689330
/oschook,9.585966435563616,-2.166818618774414,-1.5778270959854126,9.203592300415039,1615057689350
/oschook,9.097772874959698,-1.2258687019348145,-1.4221992492675781,8.9019136428833,1615057689370
/oschook,9.192852091309668,-0.8260248303413391,-2.3032922744750977,8.861210823059082,1615057689389
/oschook,9.586324830969113,-0.6464542150497437,-3.162837028503418,9.026415824890137,1615057689410
/oschook,9.790039928559098,-1.0630580186843872,-3.2729735374450684,9.165284156799316,1615057689430
/oschook,10.122559971833313,-1.41022789478302,-2.9976320266723633,9.565128326416016,1615057689451
/oschook,9.954157973660168,-2.0040080547332764,-2.853975534439087,9.3233060836792,1615057689470
/oschook,10.18914269150834,-2.9401695728302,-3.102980136871338,9.249083518981934,1615057689489
/oschook,10.621704883512683,-3.3040993213653564,-3.5746521949768066,9.440625190734863,1615057689510
/oschook,10.489984672025196,-3.0622775554656982,-3.905062198638916,9.241900444030762,1615057689530
/oschook,10.088571041687507,-2.5618741512298584,-3.821262836456299,8.978530883789062,1615057689549
/oschook,9.737213663812073,-2.109356164932251,-3.6033835411071777,8.796566009521484,1615057689570
/oschook,9.610815322433044,-1.721483588218689,-3.656057834625244,8.719948768615723,1615057689590
/oschook,9.774067329179672,-1.7238779067993164,-3.869147777557373,8.808537483215332,1615057689609
/oschook,10.502362980783529,-1.956122636795044,-3.8883023262023926,9.557945251464844,1615057689629
/oschook,10.210890370801357,-2.3344178199768066,-3.162837028503418,9.42386531829834,1615057689649
/oschook,6.03284355971994,-2.451737403869629,-2.109356164932251,5.09262228012085,1615057689670
/oschook,10.944256041661205,-2.88031268119812,-2.8084843158721924,10.178062438964844,1615057689690
/oschook,11.06199904022967,-0.4716721475124359,-3.8811194896698,10.348055839538574,1615057689710
/oschook,9.518499909897049,-0.4022381901741028,-3.3902931213378906,8.885153770446777,1615057689730
/oschook,9.881146763054378,-1.7717632055282593,-2.669616460800171,9.347249031066895,1615057689750
/oschook,10.25279214562017,-2.011190891265869,-2.88031268119812,9.63216781616211,1615057689769
/oschook,10.517312603625161,-3.0287575721740723,-2.9665064811706543,9.624984741210938,1615057689790
/oschook,10.961136155582231,-3.440573215484619,-3.1484713554382324,9.919480323791504,1615057689809
/oschook,10.328719936024052,-3.2969164848327637,-3.2657909393310547,9.227535247802734,1615057689829
/oschook,9.849119680076084,-2.6791934967041016,-3.3687446117401123,8.858817100524902,1615057689849
/oschook,9.85579433699265,-2.1572415828704834,-3.656057834625244,8.894730567932129,1615057689870
/oschook,10.407390792449736,-1.733454942703247,-3.629720687866211,9.598648071289062,1615057689890
/oschook,9.793093561549513,-1.5131816864013672,-2.8946783542633057,9.23232364654541,1615057689909
/oschook,9.108943450026777,-1.2498114109039307,-2.482862949371338,8.674457550048828,1615057689930
/oschook,8.788193270653831,-2.0902018547058105,-2.853975534439087,8.044763565063477,1615057689950
/oschook,9.389869886785393,-2.264983892440796,-3.78056001663208,8.291373252868652,1615057689969
/oschook,10.123321746235236,-2.015979290008545,-4.778972625732422,8.693612098693848,1615057689989
/oschook,10.331367114026493,-2.197944164276123,-5.090228080749512,8.717555046081543,1615057690010
/oschook,10.20094431970608,-2.4014575481414795,-4.881926536560059,8.628966331481934,1615057690030
/oschook,10.223876268287299,-2.174001455307007,-4.594613552093506,8.87078857421875,1615057690050
/oschook,10.73112106173917,-2.604970932006836,-4.2019524574279785,9.524425506591797,1615057690069
/oschook,10.909407551525666,-2.9210152626037598,-3.849993944168091,9.78061294555664,1615057690090
/oschook,9.992370439860771,-2.937775135040283,-3.256213665008545,8.978530883789062,1615057690110
/oschook,10.270433573494833,-2.7390503883361816,-2.26019549369812,9.636956214904785,1615057690129
/oschook,9.79277277725737,-1.7286665439605713,-2.3344178199768066,9.35203742980957,1615057690150
/oschook,9.874325077367802,-2.2745611667633057,-2.1859729290008545,9.356825828552246,1615057690170
/oschook,8.944604337931745,0.3208328187465668,-1.8340145349502563,8.748680114746094,1615057690189
/oschook,7.9338007139215705,0.19393625855445862,-1.9872480630874634,7.678439140319824,1615057690209
/oschook,9.6671235836038,-0.45251792669296265,-3.282550811767578,9.0814847946167,1615057690229
/oschook,10.616603421613274,-2.456526041030884,-4.096604347229004,9.481328010559082,1615057690250
/oschook,11.132417786330798,-3.5602867603302,-4.21152925491333,9.670475959777832,1615057690270
/oschook,10.653369028407644,-3.600989580154419,-3.7422516345977783,9.3017578125,1615057690289
/oschook,9.828872838566252,-2.827638626098633,-3.249030590057373,8.834874153137207,1615057690310
/oschook,9.240866379938034,-1.5897984504699707,-3.32085919380188,8.475732803344727,1615057690330
/oschook,9.974911969289597,-0.5219519138336182,-3.9242165088653564,9.155706405639648,1615057690349
/oschook,9.898602907998729,-1.283331274986267,-3.871542453765869,9.019232749938965,1615057690370
/oschook,10.16478290019131,-2.0064022541046143,-3.629720687866211,9.2802095413208,1615057690390
/oschook,9.986533477615076,-2.351177930831909,-3.3280417919158936,9.117398262023926,1615057690409
/oschook,9.880401216387817,-2.566662549972534,-3.1125571727752686,9.019232749938965,1615057690429
/oschook,9.967289108973354,-2.571451187133789,-3.1484713554382324,9.100638389587402,1615057690450
/oschook,10.119389371896569,-2.389486312866211,-3.4621214866638184,9.203592300415039,1615057690470
/oschook,10.177557316612434,-2.3990633487701416,-3.7063374519348145,9.170072555541992,1615057690489
/oschook,10.235418577979178,-2.348783493041992,-3.7015488147735596,9.249083518981934,1615057690510
/oschook,10.272952419025236,-2.0902018547058105,-3.6776061058044434,9.361614227294922,1615057690530
/oschook,10.060358657321812,-2.0207679271698,-3.5243725776672363,9.203592300415039,1615057690549
/oschook,9.840499408571082,-2.018373727798462,-3.340013027191162,9.033598899841309,1615057690569
/oschook,9.472482442927536,-1.8196489810943604,-3.0479118824005127,8.78219985961914,1615057690590
/oschook,9.301799816030295,-1.6352897882461548,-2.6169424057006836,8.775016784667969,1615057690609
/oschook,8.677570366368535,-1.2474172115325928,-2.322446584701538,8.267431259155273,1615057690630
/oschook,10.7095750719865,-1.5443072319030762,-3.3663506507873535,10.048770904541016,1615057690650
/oschook,10.282168711488577,-1.161223292350769,-3.627326250076294,9.550762176513672,1615057690669
/oschook,9.58943482709133,-1.7550033330917358,-3.3280417919158936,8.820508003234863,1615057690690
/oschook,10.480142262389649,-2.7701759338378906,-3.280156373977661,9.560338973999023,1615057690710
/oschook,10.800137521967232,-3.411841630935669,-3.502824068069458,9.629773139953613,1615057690730
/oschook,10.566759818240296,-3.282550811767578,-3.4549384117126465,9.431048393249512,1615057690750
/oschook,10.33588960879317,-2.978477954864502,-3.3017048835754395,9.330489158630371,1615057690769
/oschook,10.023262574359958,-2.789330244064331,-3.1819913387298584,9.086273193359375,1615057690789
/oschook,9.683303865583694,-2.628913640975952,-3.2442424297332764,8.736708641052246,1615057690809
/oschook,9.692836320880778,-2.197944164276123,-3.529160976409912,8.755863189697266,1615057690829
/oschook,9.867650587630713,-2.0040080547332764,-3.7278857231140137,8.913885116577148,1615057690849
/oschook,9.961502059983685,-1.7861289978027344,-3.900273561477661,8.99050235748291,1615057690870
/oschook,9.62739308449219,-1.8819000720977783,-3.5267670154571533,8.758256912231445,1615057690890
/oschook,9.881243740379002,-2.169213056564331,-3.227482557296753,9.083878517150879,1615057690909
/oschook,9.830445700231637,-2.207521438598633,-3.3902931213378906,8.959376335144043,1615057690930
/oschook,9.896550591358201,-2.317657947540283,-3.7254912853240967,8.87078857421875,1615057690950
/oschook,9.983266589613207,-2.415823221206665,-3.8523879051208496,8.887548446655273,1615057690969
/oschook,10.031069151030524,-2.451737403869629,-3.747040271759033,8.976136207580566,1615057690990
/oschook,9.987527489415944,-2.573845386505127,-3.567469358444214,8.966559410095215,1615057691009
/oschook,10.024671420012938,-2.6193366050720215,-3.505218029022217,9.019232749938965,1615057691029
/oschook,10.228444869756338,-2.5235655307769775,-3.3591675758361816,9.325700759887695,1615057691049
/oschook,9.769074359554953,-2.382303476333618,-2.794118642807007,9.052753448486328,1615057691070
/oschook,5.8967610808653275,-1.9321798086166382,-2.2099156379699707,5.114171028137207,1615057691090
/oschook,11.108836968979935,-2.482862949371338,-3.440573215484619,10.266650199890137,1615057691110
/oschook,9.951372040504548,-0.8164477348327637,-4.029564380645752,9.06233024597168,1615057691129
/oschook,9.957402402468094,-1.4389591217041016,-3.4860641956329346,9.215563774108887,1615057691150
/oschook,10.452171169527853,-2.5187771320343018,-3.2322707176208496,9.615407943725586,1615057691170
/oschook,10.276720214754052,-2.1309046745300293,-3.416630268096924,9.454991340637207,1615057691189
/oschook,10.479451324239843,-2.3799092769622803,-3.3591675758361816,9.636956214904785,1615057691210
/oschook,10.241650422341927,-2.3775148391723633,-3.0862202644348145,9.47175121307373,1615057691229
/oschook,9.459133570350138,-2.3966691493988037,-2.478074312210083,8.808537483215332,1615057691250
/oschook,9.709003639290342,-1.9872480630874634,-2.664827823638916,9.122186660766602,1615057691269
/oschook,9.65732266075449,-2.0662591457366943,-3.4142355918884277,8.794171333312988,1615057691290
/oschook,9.87884521654731,-2.1285102367401123,-3.9864678382873535,8.784594535827637,1615057691310
/oschook,9.918016101563785,-2.075836181640625,-4.245048999786377,8.719948768615723,1615057691330
/oschook,9.906112923669466,-1.7909176349639893,-4.316877365112305,8.734314918518066,1615057691351
/oschook,9.964819223751968,-1.563461422920227,-4.21152925491333,8.894730567932129,1615057691369
/oschook,10.353075271958522,-2.482862949371338,-4.000833034515381,9.220352172851562,1615057691390
/oschook,10.13823042034022,-2.5499026775360107,-3.996044635772705,8.961771011352539,1615057691410
/oschook,9.964849120789355,-2.4708917140960693,-4.034353256225586,8.770228385925293,1615057691430
/oschook,10.128784758589974,-2.4349775314331055,-4.132518291473389,8.92106819152832,1615057691449
/oschook,10.149884829912406,-2.238646984100342,-4.060689926147461,9.028810501098633,1615057691470
/oschook,10.076998594894091,-2.20033860206604,-3.778165340423584,9.079090118408203,1615057691490
/oschook,9.977432592883451,-2.14048171043396,-3.5531039237976074,9.074301719665527,1615057691509
/oschook,9.772875433573752,-2.418217658996582,-3.2993106842041016,8.875576972961426,1615057691529
/oschook,10.101424135931724,-2.0662591457366943,-3.2107224464416504,9.35203742980957,1615057691550
/oschook,9.859489545238251,-0.8882759809494019,-3.1460771560668945,9.3017578125,1615057691569
/oschook,9.682292199904953,-1.4605076313018799,-3.430995464324951,8.935433387756348,1615057691590
/oschook,9.260252409983757,-0.5602602958679199,-2.976083517074585,8.75107479095459,1615057691609
/oschook,9.235944523789241,-0.05746259540319443,-2.98087215423584,8.741497039794922,1615057691630
/oschook,9.625087844471844,-1.4245935678482056,-3.409447431564331,8.887548446655273,1615057691649
/oschook,10.517772798770663,-2.042316436767578,-3.9266104698181152,9.54118537902832,1615057691670
/oschook,10.756491818897896,-1.9058427810668945,-3.998439073562622,9.80216121673584,1615057691690
/oschook,10.145181617304354,-1.2761484384536743,-3.442967176437378,9.457385063171387,1615057691710
/oschook,9.662876525377424,-1.6257126331329346,-2.8731298446655273,9.0814847946167,1615057691729
/oschook,9.832979364353676,-2.166818618774414,-2.755810260772705,9.186832427978516,1615057691750
/oschook,10.148204552478145,-2.042316436767578,-2.971295118331909,9.486116409301758,1615057691770
/oschook,10.16566871663264,-2.4589202404022217,-2.794118642807007,9.459779739379883,1615057691790
/oschook,9.878160246801047,-2.9281980991363525,-2.5211713314056396,9.09106159210205,1615057691809
/oschook,9.78347082728674,-2.3056867122650146,-2.6887705326080322,9.119792938232422,1615057691830
/oschook,12.518717337710875,-0.6129343509674072,-3.529160976409912,11.995316505432129,1615057691850
/oschook,9.756522099983858,-1.1971373558044434,-5.312895774841309,8.095043182373047,1615057691870
/oschook,9.77942279011707,-0.08619388937950134,-5.279376029968262,8.23151683807373,1615057691889
/oschook,9.086282793702928,-0.7158881425857544,-3.5531039237976074,8.332076072692871,1615057691910
/oschook,9.622903689099038,-1.4772675037384033,-2.7797529697418213,9.09345531463623,1615057691929
/oschook,10.057149646844096,-2.257801055908203,-3.064671754837036,9.308940887451172,1615057691950
/oschook,10.603180027053416,-2.9281980991363525,-3.502824068069458,9.569916725158691,1615057691970
/oschook,10.633788334305203,-2.727078914642334,-3.5147953033447266,9.658504486083984,1615057691990
/oschook,10.031639781771378,-2.0279507637023926,-2.8013014793395996,9.416683197021484,1615057692010
/oschook,9.506039928419947,-1.6544439792633057,-2.317657947540283,9.069513320922852,1615057692030
/oschook,9.347079924028337,-1.5179702043533325,-2.7414445877075195,8.806142807006836,1615057692050
/oschook,10.522456790491399,-2.4301888942718506,-3.7733771800994873,9.517242431640625,1615057692070
/oschook,8.925842018210313,-2.3775148391723633,-3.2969164848327637,7.946598052978516,1615057692090
/oschook,9.763093567499393,-1.3455824851989746,-2.8683412075042725,9.234718322753906,1615057692110
/oschook,8.651440476360989,-1.5706442594528198,-3.8906967639923096,7.565908908843994,1615057692129
/oschook,8.870471062385423,-0.12689656019210815,-3.7709827423095703,8.028003692626953,1615057692149
/oschook,9.193906178632636,-1.58022141456604,-3.383110523223877,8.401510238647461,1615057692170
/oschook,10.412399568049645,-1.8220431804656982,-3.8284454345703125,9.510059356689453,1615057692189
/oschook,10.423645270695712,-3.0790374279022217,-3.8835136890411377,9.170072555541992,1615057692210
/oschook,10.589408421354547,-3.6105663776397705,-3.596200466156006,9.28260326385498,1615057692230
/oschook,10.39666059806577,-3.220299482345581,-3.2993106842041016,9.318517684936523,1615057692250
/oschook,9.998960650362037,-2.7151076793670654,-3.162837028503418,9.088666915893555,1615057692270
/oschook,9.960636718419972,-2.1213274002075195,-3.1843855381011963,9.196409225463867,1615057692290
/oschook,9.899205734968945,-1.8076775074005127,-3.227482557296753,9.18204402923584,1615057692310
/oschook,9.895545846321228,-1.9752767086029053,-3.313676357269287,9.11260986328125,1615057692330
/oschook,10.02742232160216,-2.3655436038970947,-3.407052993774414,9.129369735717773,1615057692350
/oschook,10.115445029065983,-2.4661030769348145,-3.6512691974639893,9.105426788330078,1615057692369
/oschook,10.635013589288873,-2.353572130203247,-3.6728177070617676,9.699207305908203,1615057692389
/oschook,10.32855463865323,-2.3655436038970947,-3.1700198650360107,9.54118537902832,1615057692410
/oschook,9.750624748901682,-2.195549964904785,-2.7342617511749268,9.098244667053223,1615057692430
/oschook,9.705743006827657,-2.2841382026672363,-2.8707354068756104,8.985713005065918,1615057692450
/oschook,10.12562005893018,-2.382303476333618,-3.478881359100342,9.205986976623535,1615057692470
/oschook,10.217697104532954,-2.664827823638916,-3.694365978240967,9.146129608154297,1615057692489
/oschook,9.85155925840322,-3.0455174446105957,-3.4142355918884277,8.724737167358398,1615057692510
/oschook,10.99533334937774,-3.0910086631774902,-3.960130214691162,9.78061294555664,1615057692529
/oschook,10.914083371942189,-2.511594295501709,-4.829252243041992,9.459779739379883,1615057692550
/oschook,8.896975101708088,-3.0503060817718506,-3.2442424297332764,7.7023820877075195,1615057692570
/oschook,8.61540651713418,-1.980065107345581,-2.288926601409912,8.066311836242676,1615057692590
/oschook,9.767961833336585,-1.0079896450042725,-3.4214186668395996,9.09345531463623,1615057692609
/oschook,8.854759498658604,-1.0654523372650146,-4.084632873535156,7.783787727355957,1615057692630
/oschook,8.887605473524768,-1.2162915468215942,-3.7997138500213623,7.94180965423584,1615057692650
/oschook,9.253652132730851,-1.2498114109039307,-3.4621214866638184,8.490097999572754,1615057692669
/oschook,9.492323260759289,-1.951333999633789,-3.3304362297058105,8.672063827514648,1615057692690
/oschook,9.977579986912588,-2.698347806930542,-3.4142355918884277,8.978530883789062,1615057692709
/oschook,10.66742006724966,-3.498035430908203,-3.6081721782684326,9.409500122070312,1615057692729
/oschook,10.909947930394253,-3.5267670154571533,-3.8380227088928223,9.584281921386719,1615057692750
/oschook,10.836002780243103,-3.158048391342163,-3.8835136890411377,9.61061954498291,1615057692770
/oschook,10.58826747317456,-2.5283541679382324,-3.8021082878112793,9.553156852722168,1615057692789
/oschook,10.316395057260214,-1.8483803272247314,-3.7685885429382324,9.42386531829834,1615057692809
/oschook,10.131885086696936,-1.2210801839828491,-3.8380227088928223,9.296969413757324,1615057692830
/oschook,9.953116222726281,-0.8403903841972351,-3.8859081268310547,9.124581336975098,1615057692850
/oschook,9.785411871325207,-0.8571503758430481,-3.8571770191192627,8.952193260192871,1615057692870
/oschook,9.658749560756238,-1.1875603199005127,-3.835628032684326,8.784594535827637,1615057692890
/oschook,9.619992349660578,-1.673598051071167,-3.8883023262023926,8.638543128967285,1615057692910
/oschook,9.760662098885925,-2.1189332008361816,-3.993650436401367,8.650514602661133,1615057692930
/oschook,9.941093148424626,-2.444554567337036,-4.120546817779541,8.710371971130371,1615057692950
/oschook,10.10258191134369,-2.633702278137207,-4.247443675994873,8.779806137084961,1615057692969
/oschook,10.265281505617702,-2.6265194416046143,-4.316877365112305,8.935433387756348,1615057692990
/oschook,10.232423629256838,-2.5331428050994873,-4.314483165740967,8.925856590270996,1615057693009
/oschook,10.02362320274872,-2.4277946949005127,-4.187586784362793,8.777411460876465,1615057693030
/oschook,9.954035998070262,-2.2793495655059814,-3.936187744140625,8.854028701782227,1615057693050
/oschook,9.925329547282036,-2.1189332008361816,-3.696760654449463,8.964164733886719,1615057693069
/oschook,9.915905169720082,-2.0064022541046143,-3.658451795578003,8.995290756225586,1615057693090
/oschook,10.005726635222816,-1.8483803272247314,-3.754222869873047,9.088666915893555,1615057693109
/oschook,10.104381597472187,-1.8340145349502563,-3.8667538166046143,9.153312683105469,1615057693130
/oschook,10.185388635592147,-1.9393627643585205,-3.902667999267578,9.205986976623535,1615057693150
/oschook,10.043666454925694,-1.8914772272109985,-3.8332340717315674,9.088666915893555,1615057693170
/oschook,9.934532105017851,-1.8579572439193726,-3.6752121448516846,9.04078197479248,1615057693190
/oschook,9.851003693392444,-1.7573976516723633,-3.6464805603027344,8.980924606323242,1615057693210
/oschook,9.778193283212792,-1.7166950702667236,-3.6752121448516846,8.897125244140625,1615057693230
/oschook,9.687995730917512,-1.6999351978302002,-3.663240432739258,8.806142807006836,1615057693250
/oschook,9.570380529449944,-1.7550033330917358,-3.5554981231689453,8.710371971130371,1615057693269
/oschook,9.52712505606794,-1.8076775074005127,-3.476486921310425,8.68403434753418,1615057693290
/oschook,9.59712077272726,-1.8244373798370361,-3.5866236686706543,8.71276569366455,1615057693309
/oschook,9.869162991017806,-1.8076775074005127,-3.8308396339416504,8.913885116577148,1615057693330
/oschook,9.91336704189594,-1.7741577625274658,-3.996044635772705,8.897125244140625,1615057693350
/oschook,9.828275444231142,-1.6831753253936768,-4.005621910095215,8.815719604492188,1615057693370
/oschook,9.82453814073073,-1.6544439792633057,-3.9553420543670654,8.839662551879883,1615057693389
/oschook,9.813487150271012,-1.6616265773773193,-3.9888617992401123,8.810931205749512,1615057693410
/oschook,9.78130897429082,-1.6065584421157837,-4.058295726776123,8.75346851348877,1615057693430
/oschook,9.776608915301585,-1.4629019498825073,-4.070267200469971,8.767834663391113,1615057693450
/oschook,9.6213231897964,-1.4150164127349854,-3.972101926803589,8.648120880126953,1615057693469
/oschook,9.616460172275238,-1.41022789478302,-3.9146392345428467,8.669669151306152,1615057693489
/oschook,9.700000115410718,-1.5682499408721924,-3.873936414718628,8.75346851348877,1615057693510
/oschook,9.87632171477709,-1.7119064331054688,-3.9146392345428467,8.904308319091797,1615057693529
/oschook,9.902391179732001,-1.8076775074005127,-3.96970796585083,8.889942169189453,1615057693550
/oschook,10.015161835592375,-1.7669748067855835,-3.9792847633361816,9.019232749938965,1615057693569
/oschook,9.92755067061305,-1.6520496606826782,-4.024775981903076,8.9234619140625,1615057693590
/oschook,9.893343837965832,-1.5419130325317383,-4.03195858001709,8.9019136428833,1615057693610
/oschook,9.84511863098794,-1.5610672235488892,-3.996044635772705,8.861210823059082,1615057693629
/oschook,9.880188632656646,-1.5969812870025635,-4.015198707580566,8.885153770446777,1615057693649
/oschook,9.849022130894951,-1.6616265773773193,-4.0128045082092285,8.839662551879883,1615057693669
/oschook,9.868821374302472,-1.6927522420883179,-4.053507328033447,8.837267875671387,1615057693689
/oschook,9.84652269238367,-1.6759923696517944,-4.089421272277832,8.798959732055664,1615057693710
/oschook,9.830044543185593,-1.6233183145523071,-4.132518291473389,8.770228385925293,1615057693730
/oschook,9.84311683979842,-1.644866704940796,-4.098998546600342,8.796566009521484,1615057693749
/oschook,9.89665699560981,-1.7047237157821655,-4.000833034515381,8.889942169189453,1615057693770
/oschook,9.867099559104028,-1.7885233163833618,-3.938581943511963,8.868393898010254,1615057693790
/oschook,9.908310384810182,-1.889082670211792,-3.9194278717041016,8.9019136428833,1615057693810
/oschook,9.95183397057529,-1.9010541439056396,-3.9529476165771484,8.933039665222168,1615057693829
/oschook,9.989771037645392,-1.8603515625,-4.008016109466553,8.959376335144043,1615057693850
/oschook,10.051322357235296,-1.769369125366211,-4.063084125518799,9.021627426147461,1615057693869
/oschook,10.081473576898565,-1.7286665439605713,-4.096604347229004,9.047964096069336,1615057693889
/oschook,9.974652381500542,-1.7406377792358398,-4.082238674163818,8.933039665222168,1615057693910
/oschook,9.862994817180754,-1.7262722253799438,-3.972101926803589,8.861210823059082,1615057693929
/oschook,9.71547058148333,-1.6807807683944702,-3.876330852508545,8.748680114746094,1615057693950
/oschook,9.648877099617632,-1.6640208959579468,-3.8571770191192627,8.686429023742676,1615057693970
/oschook,9.704280192809412,-1.6975408792495728,-3.900273561477661,8.722343444824219,1615057693990
/oschook,9.72721870461207,-1.8196489810943604,-3.9290051460266113,8.710371971130371,1615057694009
/oschook,9.789195911728573,-2.0327394008636475,-3.9146392345428467,8.739103317260742,1615057694030
/oschook,9.841329834715863,-2.1787900924682617,-3.842811107635498,8.794171333312988,1615057694049
/oschook,9.760615815061884,-2.288926601409912,-3.718308687210083,8.729525566101074,1615057694070
/oschook,9.68052338451149,-2.298503875732422,-3.653663158416748,8.664880752563477,1615057694090
/oschook,9.794460621653041,-2.351177930831909,-3.632114887237549,8.786988258361816,1615057694109
/oschook,9.792474987179892,-2.2793495655059814,-3.66084623336792,8.791776657104492,1615057694130
/oschook,9.750579251640767,-2.104567527770996,-3.653663158416748,8.791776657104492,1615057694150
/oschook,9.753785708547488,-1.9680938720703125,-3.663240432739258,8.82290267944336,1615057694169
/oschook,9.802818046222637,-1.9776710271835327,-3.7135205268859863,8.854028701782227,1615057694190
/oschook,9.87766068407499,-2.099778890609741,-3.809291124343872,8.868393898010254,1615057694210
/oschook,10.00288123270004,-2.236252784729004,-3.9170336723327637,8.928250312805176,1615057694231
/oschook,10.071305742359787,-2.3416006565093994,-3.964919328689575,8.956981658935547,1615057694249
/oschook,10.049282754594147,-2.4014575481414795,-3.9433703422546387,8.925856590270996,1615057694269
/oschook,10.074339070259633,-2.4613144397735596,-3.964919328689575,8.928250312805176,1615057694290
/oschook,10.046812830553128,-2.5211713314056396,-3.9218220710754395,8.899519920349121,1615057694310
/oschook,10.062644461239167,-2.5187771320343018,-3.8930907249450684,8.930644989013672,1615057694330
/oschook,10.068241321878059,-2.576239585876465,-3.8643596172332764,8.933039665222168,1615057694350
/oschook,10.058819403238308,-2.5929996967315674,-3.900273561477661,8.9019136428833,1615057694370
/oschook,10.048697052448283,-2.597788095474243,-3.9146392345428467,8.882759094238281,1615057694390
/oschook,10.104282841017696,-2.5929996967315674,-3.9840731620788574,8.916279792785645,1615057694410
/oschook,10.18567254974216,-2.5906052589416504,-4.063084125518799,8.97374153137207,1615057694429
/oschook,10.194829220995924,-2.535537004470825,-4.094210147857666,8.985713005065918,1615057694450
/oschook,10.110656823029352,-2.353572130203247,-4.046324253082275,8.961771011352539,1615057694470
/oschook,9.919467794289135,-2.1787900924682617,-3.964919328689575,8.827691078186035,1615057694490
/oschook,9.79768313379445,-2.104567527770996,-3.8978793621063232,8.739103317260742,1615057694510
/oschook,9.77521961058072,-2.176395893096924,-3.849993944168091,8.717555046081543,1615057694530
/oschook,9.786298631051354,-2.4014575481414795,-3.8308396339416504,8.679245948791504,1615057694549
/oschook,9.964170850419487,-2.6839821338653564,-3.845205307006836,8.791776657104492,1615057694571
/oschook,10.11337691331407,-2.9856607913970947,-3.8308396339416504,8.87078857421875,1615057694589
/oschook,10.013376710157548,-3.1388943195343018,-3.696760654449463,8.760651588439941,1615057694610
/oschook,9.953627401708337,-3.1724140644073486,-3.4956412315368652,8.763046264648438,1615057694630
/oschook,9.987696343504446,-3.1005859375,-3.3711390495300293,8.875576972961426,1615057694649
/oschook,9.927368631794513,-2.968900680541992,-3.380715847015381,8.849239349365234,1615057694670
/oschook,9.898748127574304,-2.8443984985351562,-3.347196102142334,8.87078857421875,1615057694689
/oschook,10.023749221882868,-2.7486274242401123,-3.191568374633789,9.095849990844727,1615057694710
/oschook,10.328412785899918,-2.7510218620300293,-2.784541606903076,9.557945251464844,1615057694730
/oschook,10.590140903655675,-2.7701759338378906,-2.111750364303589,10.000885963439941,1615057694750
/oschook,11.016277746222125,-2.6193366050720215,-1.4485362768173218,10.601848602294922,1615057694769
/oschook,11.146642060373452,-2.1165390014648438,-1.0439038276672363,10.893950462341309,1615057694790
/oschook,10.29061750238469,-1.7478206157684326,-0.6057515144348145,10.122993469238281,1615057694810
/oschook,11.011978042204763,-3.7901370525360107,0.5578660368919373,10.324112892150879,1615057694829
/oschook,8.839525491405903,-1.9249969720840454,1.0798178911209106,8.559532165527344,1615057694850
/oschook,6.119096450107412,-0.9289786219596863,0.8834874033927917,5.983292579650879,1615057694870
/oschook,5.076858746303058,-0.7613793611526489,0.5458946824073792,4.989668846130371,1615057694890
/oschook,5.076858746303058,-0.7613793611526489,0.5458946824073792,4.989668846130371,1615057694910
/oschook,3.3476730524889877,-1.6257126331329346,-0.6033572554588318,2.8635525703430176,1615057694930
/oschook,6.745876970467997,-4.793338298797607,-2.6241252422332764,3.9553420543670654,1615057694949
/oschook,6.745876970467997,-4.793338298797607,-2.6241252422332764,3.9553420543670654,1615057694970
/oschook,10.429478959408696,-7.55154275894165,-4.927417755126953,5.241067409515381,1615057694989
/oschook,9.569178915697556,-6.237085819244385,-5.408666610717773,4.838829517364502,1615057695009
/oschook,8.97126109111406,-4.77178955078125,-5.3152899742126465,5.427821159362793,1615057695030
/oschook,7.352531835251457,-1.97048819065094,-4.996851444244385,5.02079439163208,1615057695050
/oschook,8.707077663701824,2.976083517074585,-5.46134090423584,6.0934295654296875,1615057695069
/oschook,11.48640133726344,5.324867248535156,-6.881146430969238,7.498868465423584,1615057695090
/oschook,12.082753839024473,5.063891410827637,-8.518829345703125,6.912271022796631,1615057695109
/oschook,13.218100266189097,3.967313289642334,-10.024828910827637,7.647313594818115,1615057695129
/oschook,12.077272836395938,1.8411973714828491,-9.816526412963867,6.790163516998291,1615057695150
/oschook,11.166598216946577,1.6568381786346436,-9.646533012390137,5.375146865844727,1615057695170
/oschook,11.394884579149968,2.111750364303589,-10.451009750366211,4.0199875831604,1615057695190
/oschook,12.356795301169317,2.4086403846740723,-11.300976753234863,4.379128456115723,1615057695209
/oschook,11.29140712123306,2.76059889793396,-9.54118537902832,5.370358467102051,1615057695229
/oschook,13.625478862200428,2.578634023666382,-12.134184837341309,5.636122703552246,1615057695250
/oschook,13.285474128398763,3.7087318897247314,-11.576318740844727,5.360781192779541,1615057695270
/oschook,13.236982294563242,3.9433703422546387,-10.95380687713623,6.299336910247803,1615057695289
/oschook,12.318174403686863,3.6464805603027344,-9.581888198852539,6.8284711837768555,1615057695310
/oschook,12.318174403686863,3.6464805603027344,-9.581888198852539,6.8284711837768555,1615057695329
/oschook,10.990781594534305,1.7573976516723633,-8.39193344116211,6.876357078552246,1615057695349
/oschook,11.045914935379717,1.6688095331192017,-8.657697677612305,6.653689384460449,1615057695370
/oschook,10.8608839156114,1.3096683025360107,-8.765439987182617,6.2777886390686035,1615057695390
/oschook,10.972540026247259,1.7909176349639893,-8.911490440368652,6.146103382110596,1615057695410
/oschook,11.356417536434913,2.3200523853302,-9.244295120239258,6.174834728240967,1615057695430
/oschook,11.356417536434913,2.3200523853302,-9.244295120239258,6.174834728240967,1615057695450
/oschook,10.641002102734948,2.9641122817993164,-8.894730567932129,5.032765865325928,1615057695469
/oschook,10.766703622756385,2.5929996967315674,-8.889942169189453,5.492466449737549,1615057695490
/oschook,10.813659503665264,2.3799092769622803,-9.146129608154297,5.255433082580566,1615057695510
/oschook,10.234286751590544,2.4086403846740723,-8.770228385925293,4.692778587341309,1615057695530
/oschook,9.882997026830921,2.257801055908203,-8.418270111083984,4.659258842468262,1615057695549
/oschook,10.035023991800877,2.322446584701538,-8.523618698120117,4.7598185539245605,1615057695570
/oschook,9.894866435838573,2.4924399852752686,-8.415876388549805,4.568276405334473,1615057695589
/oschook,9.985211641795816,2.4732859134674072,-8.339259147644043,4.903474807739258,1615057695609
/oschook,10.057095742678724,1.951333999633789,-8.35123062133789,5.2530388832092285,1615057695630
/oschook,9.960838542044176,2.0351336002349854,-8.435029983520508,4.89150333404541,1615057695650
/oschook,9.73231971240934,1.9297854900360107,-8.334470748901367,4.6401047706604,1615057695669
/oschook,9.687974718123979,1.956122636795044,-8.212362289428711,4.752635478973389,1615057695689
/oschook,9.839432517660939,1.951333999633789,-8.415876388549805,4.709538459777832,1615057695710
/oschook,10.178504201997654,1.9920365810394287,-8.688823699951172,4.913052082061768,1615057695730
/oschook,10.197477033127193,2.133298873901367,-8.600234985351562,5.047131061553955,1615057695750
/oschook,10.197477033127193,2.133298873901367,-8.600234985351562,5.047131061553955,1615057695769
/oschook,9.82230617758737,2.169213056564331,-8.241093635559082,4.8843207359313965,1615057695790
/oschook,9.614104240409377,2.1237218379974365,-8.176448822021484,4.589824676513672,1615057695810
/oschook,10.047582526443966,1.6855695247650146,-8.430241584777832,5.20036506652832,1615057695829
/oschook,10.047582526443966,1.6855695247650146,-8.430241584777832,5.20036506652832,1615057695850
/oschook,9.671215933759797,1.5490957498550415,-8.262641906738281,4.78136682510376,1615057695870
/oschook,9.729675403811544,1.6855695247650146,-8.344047546386719,4.71193265914917,1615057695890
/oschook,10.009298610556861,2.0255565643310547,-8.516435623168945,4.8531951904296875,1615057695909
/oschook,10.00261342525136,2.36075496673584,-8.4613676071167,4.783761024475098,1615057695929
/oschook,9.972209474361268,2.293715238571167,-8.411087036132812,4.84122371673584,1615057695950
/oschook,9.93220297954858,1.8986599445343018,-8.466156005859375,4.834040641784668,1615057695970
/oschook,9.777186906610101,1.7262722253799438,-8.257853507995605,4.941783428192139,1615057695990
/oschook,9.761443946120668,1.936968207359314,-8.212362289428711,4.908263206481934,1615057696010
/oschook,9.761443946120668,1.936968207359314,-8.212362289428711,4.908263206481934,1615057696030
/oschook,9.549730107202345,2.4661030769348145,-8.118986129760742,4.381523132324219,1615057696049
/oschook,9.549730107202345,2.4661030769348145,-8.118986129760742,4.381523132324219,1615057696070
/oschook,10.046518306224318,1.8986599445343018,-8.664880752563477,4.716721534729004,1615057696090
/oschook,10.10370321109615,1.7310607433319092,-8.6600923538208,4.908263206481934,1615057696110
/oschook,9.701612623813396,1.8292258977890015,-8.193208694458008,4.862771987915039,1615057696130
/oschook,9.526456050666098,2.015979290008545,-7.99208927154541,4.776578426361084,1615057696150
/oschook,9.627576217895742,2.1524529457092285,-8.068706512451172,4.7909440994262695,1615057696169
/oschook,9.944811649258757,2.142875909805298,-8.255459785461426,5.114171028137207,1615057696189
/oschook,9.944811649258757,2.142875909805298,-8.255459785461426,5.114171028137207,1615057696210
/oschook,10.135940744172494,1.8411973714828491,-8.530800819396973,5.154873847961426,1615057696230
/oschook,10.036866667582544,1.8771114349365234,-8.432636260986328,5.109382629394531,1615057696250
/oschook,9.801881129293191,1.8076775074005127,-8.30095100402832,4.889109134674072,1615057696269
/oschook,9.833130795532693,1.9872480630874634,-8.324893951416016,4.84122371673584,1615057696290
/oschook,9.833130795532693,1.9872480630874634,-8.324893951416016,4.84122371673584,1615057696309
/oschook,9.628218691263847,1.764580488204956,-8.13335132598877,4.84122371673584,1615057696329
/oschook,9.830958959646757,1.733454942703247,-8.360807418823242,4.872349262237549,1615057696350
/oschook,9.953464091648971,1.8220431804656982,-8.490097999572754,4.865166187286377,1615057696369
/oschook,9.864053102050324,1.984853982925415,-8.336864471435547,4.8843207359313965,1615057696389
/oschook,9.864053102050324,1.984853982925415,-8.336864471435547,4.8843207359313965,1615057696409
/oschook,9.852010758155977,2.0614705085754395,-8.341653823852539,4.819674968719482,1615057696431
/oschook,9.861261662160791,1.8819000720977783,-8.518829345703125,4.597007751464844,1615057696449
/oschook,9.912303816569795,1.7813403606414795,-8.523618698120117,4.735875606536865,1615057696469
/oschook,9.894212070835108,1.7526090145111084,-8.360807418823242,4.992063045501709,1615057696490
/oschook,9.93696441766282,1.936968207359314,-8.35362434387207,5.02079439163208,1615057696510
/oschook,9.89342789745529,2.0902018547058105,-8.317710876464844,4.932206153869629,1615057696529
/oschook,9.798252985427803,2.099778890609741,-8.200390815734863,4.934600353240967,1615057696550
/oschook,9.801731066879958,1.817254662513733,-8.25306510925293,4.965725898742676,1615057696569
/oschook,9.809517973541176,1.5371243953704834,-8.382355690002441,4.857983589172363,1615057696590
/oschook,9.924582102772389,1.4796618223190308,-8.549955368041992,4.8172807693481445,1615057696609
/oschook,10.118131121006199,1.9345738887786865,-8.643332481384277,4.89150333404541,1615057696630
/oschook,10.047127131246567,1.9776710271835327,-8.487704277038574,4.999245643615723,1615057696650
/oschook,10.015268337342912,1.9202083349227905,-8.356019020080566,5.176422119140625,1615057696669
/oschook,10.103342663938609,1.7406377792358398,-8.42305850982666,5.300924301147461,1615057696690
/oschook,9.980640301911738,1.6472610235214233,-8.418270111083984,5.102199554443359,1615057696710
/oschook,9.874823732028652,1.831620216369629,-8.377567291259766,4.896292209625244,1615057696729
/oschook,9.677412736575247,1.9154198169708252,-8.221940040588379,4.7310872077941895,1615057696750
/oschook,9.601442802515495,1.9920365810394287,-8.18123722076416,4.613767623901367,1615057696770
/oschook,9.442862889298391,2.2434353828430176,-8.128562927246094,4.249837875366211,1615057696790
/oschook,9.386768452960776,2.444554567337036,-8.097437858581543,4.070267200469971,1615057696809
/oschook,9.637657990611519,2.049499273300171,-8.236305236816406,4.565882205963135,1615057696830
/oschook,10.100685633228215,1.41022789478302,-8.573898315429688,5.150084972381592,1615057696850
/oschook,10.259837933778696,1.2306572198867798,-8.75107479095459,5.21233606338501,1615057696870
/oschook,10.04379169869014,1.5371243953704834,-8.605023384094238,4.9465718269348145,1615057696890
/oschook,9.874974626094048,1.802889108657837,-8.334470748901367,4.980091571807861,1615057696910
/oschook,9.800941129542926,2.0016138553619385,-8.288979530334473,4.83164644241333,1615057696930
/oschook,9.667043982934437,1.9680938720703125,-8.20278549194336,4.72150993347168,1615057696949
/oschook,9.69289118087529,1.7861289978027344,-8.274613380432129,4.72150993347168,1615057696970
/oschook,10.003831450521671,1.6927522420883179,-8.54277229309082,4.922628879547119,1615057696990
/oschook,10.044905922324848,1.644866704940796,-8.54037857055664,5.025582790374756,1615057697009
/oschook,9.912197134365403,1.7933118343353271,-8.415876388549805,4.920234680175781,1615057697029
/oschook,9.882318761823282,1.8244373798370361,-8.358413696289062,4.9465718269348145,1615057697050
/oschook,9.894168424025978,1.6520496606826782,-8.403904914855957,4.953754425048828,1615057697070
/oschook,9.825381598442632,1.5419130325317383,-8.384750366210938,4.8843207359313965,1615057697090
/oschook,9.82164036700717,1.6783866882324219,-8.403904914855957,4.798126697540283,1615057697110
/oschook,9.716781443562827,1.7813403606414795,-8.344047546386719,4.649681568145752,1615057697129
/oschook,9.759402937739576,1.7741577625274658,-8.35362434387207,4.723904132843018,1615057697150
/oschook,9.79639822678906,1.6233183145523071,-8.363202095031738,4.836435317993164,1615057697170
/oschook,9.948687841861897,1.6328954696655273,-8.435029983520508,5.016005516052246,1615057697189
/oschook,10.258256100763573,1.845985770225525,-8.559532165527344,5.344021320343018,1615057697210
/oschook,10.375593153251836,1.735849142074585,-8.588263511657715,5.557111740112305,1615057697230
/oschook,10.211446438219182,1.6185299158096313,-8.516435623168945,5.396695613861084,1615057697250
/oschook,9.930775827626537,1.6400781869888306,-8.389538764953613,5.054314136505127,1615057697270
/oschook,9.651428743262858,1.7095123529434204,-8.27221965789795,4.668835639953613,1615057697290
/oschook,9.529998241278241,1.812466025352478,-8.18363094329834,4.534756660461426,1615057697310
/oschook,9.412176501773319,1.8148603439331055,-8.126168251037598,4.388705730438232,1615057697330
/oschook,9.686788898667661,1.9489396810531616,-8.315316200256348,4.5706706047058105,1615057697350
/oschook,10.036528151039965,1.9106314182281494,-8.547560691833496,4.90108060836792,1615057697370
/oschook,10.20033132680079,1.8579572439193726,-8.590658187866211,5.176422119140625,1615057697390
/oschook,10.328907406590178,1.8723227977752686,-8.705583572387695,5.233884811401367,1615057697410
/oschook,10.665004717933583,1.6257126331329346,-9.100638389587402,5.317684173583984,1615057697429
/oschook,10.923547661396645,1.2641770839691162,-9.3233060836792,5.549929141998291,1615057697450
/oschook,11.077418056710886,1.3383996486663818,-9.359220504760742,5.77259635925293,1615057697470
/oschook,11.115896086307947,1.5850099325180054,-9.198803901672363,6.035966873168945,1615057697489
/oschook,11.09550047338766,1.0774236917495728,-9.038387298583984,6.344828128814697,1615057697509
/oschook,10.992946008439738,0.56504887342453,-8.9234619140625,6.395108222961426,1615057697530
/oschook,10.90363739917337,0.3591412305831909,-8.85163402557373,6.356799602508545,1615057697550
/oschook,10.691364523764284,0.4788549542427063,-8.770228385925293,6.095823764801025,1615057697569
/oschook,10.297246281757337,0.5913859009742737,-8.458972930908203,5.8420305252075195,1615057697589
/oschook,9.9173732700842,0.6536370515823364,-8.025609016418457,5.789356708526611,1615057697610
/oschook,9.748826002671827,0.8667274713516235,-7.767027378082275,5.827664852142334,1615057697630
/oschook,9.520047261892644,0.9481328129768372,-7.585062503814697,5.674431324005127,1615057697650
/oschook,9.366353128865955,1.1875603199005127,-7.443800449371338,5.559505939483643,1615057697670
/oschook,9.4833735828043,1.30009126663208,-7.484503269195557,5.676825523376465,1615057697689
/oschook,9.512610757197997,1.3407938480377197,-7.539571285247803,5.643305778503418,1615057697709
/oschook,9.426029747351363,1.2474172115325928,-7.439012050628662,5.652883052825928,1615057697730
/oschook,9.388392669236884,1.2138973474502563,-7.3600006103515625,5.70076847076416,1615057697750
/oschook,9.515021615171086,1.051086664199829,-7.453377723693848,5.82048225402832,1615057697770
/oschook,9.748504105673058,1.0630580186843872,-7.709565162658691,5.870761871337891,1615057697790
/oschook,9.83221064679399,1.0558751821517944,-7.8268842697143555,5.856396198272705,1615057697809
/oschook,9.866527534793452,1.242628574371338,-7.7957587242126465,5.918647289276123,1615057697830
/oschook,9.912925359735222,0.9074301719665527,-7.678439140319824,6.203566074371338,1615057697849
/oschook,9.97230056242158,0.7302538156509399,-7.594639778137207,6.421444892883301,1615057697870
/oschook,9.532263735421251,0.10534809529781342,-7.367183685302734,6.047938346862793,1615057697889
/oschook,9.53740352466264,-0.009577099233865738,-7.266623497009277,6.177228927612305,1615057697909
/oschook,9.95768105991504,0.15562786161899567,-7.417463779449463,6.64171838760376,1615057697930
/oschook,10.516654314449719,0.25618740916252136,-7.862799167633057,6.979310512542725,1615057697950
/oschook,10.365005768124515,-0.11492519080638885,-7.450982570648193,7.204373359680176,1615057697970
/oschook,10.103905559685229,0.023942748084664345,-7.151699066162109,7.137333869934082,1615057697990
/oschook,9.90458775458594,-0.009577099233865738,-6.933819770812988,7.07268762588501,1615057698009
/oschook,10.3206246725117,0.11253092437982559,-6.948185920715332,7.630553245544434,1615057698030
/oschook,10.605408532081857,0.06943397223949432,-6.998465061187744,7.968146324157715,1615057698049
/oschook,10.773731523444878,0.18196488916873932,-7.027196407318115,8.164477348327637,1615057698070
/oschook,10.834453889735437,0.19154198467731476,-6.945791721343994,8.312922477722168,1615057698089
/oschook,10.701795653189563,0.06225114315748215,-6.8212890625,8.245882034301758,1615057698110
/oschook,10.518134419873258,-0.17238777875900269,-6.7135467529296875,8.095043182373047,1615057698130
/oschook,10.857349777540074,-0.39266106486320496,-6.818894863128662,8.439818382263184,1615057698150
/oschook,11.253984167856245,-0.21069619059562683,-6.964945316314697,8.837267875671387,1615057698170
/oschook,11.115049414875703,-0.6680026650428772,-6.835654258728027,8.739103317260742,1615057698190
/oschook,10.828269969837045,-0.8906701803207397,-6.51242733001709,8.605023384094238,1615057698210
