/oschook,9.894797070296049,-0.9648927450180054,-0.8116591572761536,9.814132690429688,1615057043190
/oschook,9.953630149147058,-1.0151724815368652,-0.8858816027641296,9.862017631530762,1615057043210
/oschook,9.896353648576463,-1.0415095090866089,-1.113337755203247,9.778218269348145,1615057043229
/oschook,9.828007074351326,-1.1061549186706543,-1.271359920501709,9.68244743347168,1615057043249
/oschook,9.82879715866053,-1.1755889654159546,-1.3407938480377197,9.665687561035156,1615057043269
/oschook,9.84219352010308,-1.1037607192993164,-1.4916331768035889,9.665687561035156,1615057043289
/oschook,9.8053746127667,-1.2306572198867798,-1.6089527606964111,9.59385871887207,1615057043309
/oschook,9.779856172262457,-1.2043201923370361,-1.6161353588104248,9.569916725158691,1615057043329
/oschook,9.77496430715568,-1.2067145109176636,-1.4796618223190308,9.586676597595215,1615057043349
/oschook,9.984705717348094,-1.4437477588653564,-1.3096683025360107,9.792584419250488,1615057043370
/oschook,10.022365149765394,-1.9441511631011963,-1.1755889654159546,9.761458396911621,1615057043389
/oschook,9.874107947278365,-1.8986599445343018,-1.1396747827529907,9.622590065002441,1615057043410
/oschook,9.762859588311091,-1.6999351978302002,-1.0774236917495728,9.553156852722168,1615057043430
/oschook,9.640696820936123,-1.5083931684494019,-1.0439038276672363,9.464568138122559,1615057043449
/oschook,9.528211170737105,-1.2641770839691162,-1.0271438360214233,9.387951850891113,1615057043470
/oschook,9.801197630126763,-1.0127782821655273,-1.1348862648010254,9.68244743347168,1615057043490
/oschook,9.984977690683978,-0.9840469360351562,-1.3599480390548706,9.842864036560059,1615057043509
/oschook,10.245742900586544,-1.2665714025497437,-1.5155760049819946,10.053560256958008,1615057043530
/oschook,10.405981470771057,-1.4581133127212524,-1.6759923696517944,10.166090965270996,1615057043549
/oschook,10.421888468656288,-1.642472505569458,-1.7478206157684326,10.1421480178833,1615057043569
/oschook,10.036437445011313,-1.8962656259536743,-1.735849142074585,9.7016019821167,1615057043590
/oschook,10.159710656058719,-1.8675343990325928,-1.5874042510986328,9.859623908996582,1615057043609
/oschook,6.677814666981092,-1.5897984504699707,-1.333611011505127,6.347222328186035,1615057043629
/oschook,11.341170694730202,-1.4629019498825073,-1.6400781869888306,11.126194953918457,1615057043650
/oschook,10.790943134696752,0.30407288670539856,-2.135693073272705,10.57311725616455,1615057043670
/oschook,9.708171743856198,-0.42378664016723633,-0.742225170135498,9.670475959777832,1615057043689
/oschook,9.858642310938462,-0.8116591572761536,-0.27534160017967224,9.821314811706543,1615057043709
/oschook,9.532922755120035,-0.41660380363464355,-1.0606637001037598,9.464568138122559,1615057043730
/oschook,10.06895972434082,-0.35195839405059814,-1.6640208959579468,9.92426872253418,1615057043749
/oschook,9.957320796577463,-0.7805336117744446,-1.6688095331192017,9.785401344299316,1615057043769
/oschook,10.091842091499867,-1.1971373558044434,-1.4030450582504272,9.921875,1615057043790
/oschook,10.152799510249528,-1.893871545791626,-0.8739103078842163,9.936240196228027,1615057043810
/oschook,9.947962415127957,-1.6927522420883179,-0.8739103078842163,9.763853073120117,1615057043829
/oschook,9.50224558284492,-1.2019259929656982,-1.4652961492538452,9.311334609985352,1615057043850
/oschook,9.68393264718737,-1.2905141115188599,-1.563461422920227,9.469356536865234,1615057043869
/oschook,9.68393264718737,-1.2905141115188599,-1.563461422920227,9.469356536865234,1615057043889
/oschook,10.44373595005696,-2.044710636138916,-1.5227587223052979,10.127782821655273,1615057043910
/oschook,9.797089222483542,-1.5754327774047852,-1.874717116355896,9.486116409301758,1615057043930
/oschook,9.87602489377154,-1.7765519618988037,-1.5586729049682617,9.589070320129395,1615057043950
/oschook,9.758164093422604,-1.7765519618988037,-1.503604531288147,9.476539611816406,1615057043970
/oschook,9.866332536872784,-1.594586968421936,-1.501210331916809,9.620196342468262,1615057043990
/oschook,10.122502413133606,-1.6807807683944702,-1.5275473594665527,9.864412307739258,1615057044009
/oschook,10.257024635562642,-1.893871545791626,-1.5538843870162964,9.960183143615723,1615057044030
/oschook,9.861459981794356,-1.908237099647522,-1.4700847864151,9.56273365020752,1615057044050
/oschook,9.810987925250998,-1.8986599445343018,-1.271359920501709,9.54118537902832,1615057044069
/oschook,10.055096964413995,-2.044710636138916,-0.9912298321723938,9.794978141784668,1615057044089
/oschook,10.173684302792678,-1.503604531288147,-0.7757450342178345,10.032011032104492,1615057044109
/oschook,9.613609929827138,-1.8100717067718506,-1.1708003282546997,9.368797302246094,1615057044129
/oschook,7.886006275570303,0.04070267081260681,-0.8379961848258972,7.841249942779541,1615057044149
/oschook,9.456894526447423,-0.2849186956882477,-0.009577099233865738,9.452596664428711,1615057044169
/oschook,9.467282127761852,-0.031125571578741074,-0.48124924302101135,9.454991340637207,1615057044189
/oschook,10.19530567303898,0.371112585067749,-1.4174107313156128,10.089473724365234,1615057044209
/oschook,9.850080136791581,-0.06464541703462601,-1.6041641235351562,9.718361854553223,1615057044229
/oschook,10.097240157662686,-0.3974496126174927,-1.2210801839828491,10.015251159667969,1615057044249
/oschook,10.097240157662686,-0.3974496126174927,-1.2210801839828491,10.015251159667969,1615057044270
/oschook,10.40761948562419,-2.451737403869629,-0.4142095446586609,10.106233596801758,1615057044289
/oschook,9.446936943298864,-1.1636176109313965,-1.0055954456329346,9.320911407470703,1615057044310
/oschook,9.569746118917221,-0.2609759569168091,-1.671203851699829,9.419076919555664,1615057044330
/oschook,9.984851555500692,0.11492519080638885,-2.4924399852752686,9.668081283569336,1615057044350
/oschook,9.985291199130053,-1.52036452293396,-1.8723227977752686,9.689630508422852,1615057044369
/oschook,10.2389622038842,-2.298503875732422,-0.9337671995162964,9.933846473693848,1615057044389
/oschook,10.101779866023337,-1.7813403606414795,-1.132491946220398,9.878777503967285,1615057044410
/oschook,9.93547399721652,-1.3791022300720215,-1.8651401996612549,9.66089916229248,1615057044429
/oschook,10.031441635745376,-1.101366400718689,-2.133298873901367,9.739910125732422,1615057044449
/oschook,10.026070804127155,-0.6488484740257263,-1.8962656259536743,9.823709487915039,1615057044470
/oschook,9.88464005737118,-0.6560313105583191,-1.6257126331329346,9.727938652038574,1615057044489
/oschook,10.06590291796684,-1.0726351737976074,-1.5467015504837036,9.888355255126953,1615057044509
/oschook,10.380808327811451,-1.2785427570343018,-1.5131816864013672,10.190033912658691,1615057044530
/oschook,10.436948763618041,-1.582615613937378,-1.2881197929382324,10.235525131225586,1615057044549
/oschook,9.615472922422368,-1.4054392576217651,-0.7948992252349854,9.478934288024902,1615057044570
/oschook,9.823783465318268,-0.9481328129768372,-0.5243461728096008,9.763853073120117,1615057044589
/oschook,9.823783465318268,-0.9481328129768372,-0.5243461728096008,9.763853073120117,1615057044610
/oschook,10.676084188052814,-2.2506182193756104,-1.5730385780334473,10.316929817199707,1615057044630
/oschook,10.676084188052814,-2.2506182193756104,-1.5730385780334473,10.316929817199707,1615057044649
/oschook,10.005752348457701,-0.8643332719802856,-1.1827718019485474,9.897932052612305,1615057044670
/oschook,9.559959863534537,-0.4357580244541168,-0.5099805593490601,9.536396980285645,1615057044690
/oschook,9.64716439818314,0.05267404764890671,-0.44054657220840454,9.636956214904785,1615057044710
/oschook,9.64716439818314,0.05267404764890671,-0.44054657220840454,9.636956214904785,1615057044730
/oschook,10.048349996208174,-0.09577099233865738,-0.8092649579048157,10.015251159667969,1615057044750
/oschook,9.869429748194326,-1.1205205917358398,-0.7637736797332764,9.775823593139648,1615057044770
/oschook,10.308877818364998,-1.7430320978164673,-0.1771763414144516,10.158907890319824,1615057044790
/oschook,10.308877818364998,-1.7430320978164673,-0.1771763414144516,10.158907890319824,1615057044809
/oschook,9.854425195909183,-1.0917893648147583,-0.8236305117607117,9.759063720703125,1615057044830
/oschook,9.826417215395049,-0.4477294087409973,-1.817254662513733,9.646533012390137,1615057044850
/oschook,9.826417215395049,-0.4477294087409973,-1.817254662513733,9.646533012390137,1615057044870
/oschook,9.892804974780013,-1.4437477588653564,-1.594586968421936,9.656110763549805,1615057044890
/oschook,10.128115257675182,-1.8555629253387451,-1.501210331916809,9.842864036560059,1615057044910
/oschook,10.139515182276874,-1.7478206157684326,-1.594586968421936,9.859623908996582,1615057044930
/oschook,10.105537446489782,-1.7143007516860962,-1.7741577625274658,9.799766540527344,1615057044950
/oschook,10.105537446489782,-1.7143007516860962,-1.7741577625274658,9.799766540527344,1615057044969
/oschook,10.088547027048955,-1.6065584421157837,-1.7382434606552124,9.806949615478516,1615057044990
/oschook,9.848532520152954,-1.4629019498825073,-1.6903579235076904,9.59146499633789,1615057045010
/oschook,9.954891911775293,-1.3647366762161255,-1.642472505569458,9.723150253295898,1615057045029
/oschook,10.10541739467567,-1.5347301959991455,-1.582615613937378,9.862017631530762,1615057045052
/oschook,9.995915020317279,-1.6352897882461548,-1.4485362768173218,9.75427532196045,1615057045071
/oschook,9.915895805954817,-1.7885233163833618,-1.1731946468353271,9.68244743347168,1615057045090
/oschook,10.092632169950463,-1.5227587223052979,-0.8475732803344727,9.941028594970703,1615057045109
/oschook,11.680504722544352,0.13886794447898865,-1.161223292350769,11.621809959411621,1615057045129
/oschook,11.680504722544352,0.13886794447898865,-1.161223292350769,11.621809959411621,1615057045149
/oschook,9.36239483983029,0.1771763414144516,-1.441353440284729,9.249083518981934,1615057045170
/oschook,10.169296798733313,-0.45251792669296265,-0.3902668058872223,10.151724815368652,1615057045190
/oschook,10.093043875791665,-0.8547561764717102,-0.12929083406925201,10.055953979492188,1615057045210
/oschook,10.030761559298924,-1.053480863571167,-0.3974496126174927,9.967366218566895,1615057045230
/oschook,9.99841531509658,-1.4174107313156128,-0.8643332719802856,9.859623908996582,1615057045249
/oschook,9.99841531509658,-1.4174107313156128,-0.8643332719802856,9.859623908996582,1615057045269
/oschook,10.051558782156924,-2.078230619430542,-1.3072741031646729,9.747093200683594,1615057045289
/oschook,10.051558782156924,-2.078230619430542,-1.3072741031646729,9.747093200683594,1615057045310
/oschook,9.85242596981301,-1.4221992492675781,-1.4437477588653564,9.641744613647461,1615057045329
/oschook,9.632274402248557,-1.1540404558181763,-1.7190892696380615,9.407105445861816,1615057045349
/oschook,9.67175651278795,-0.9098244905471802,-1.9417568445205688,9.431048393249512,1615057045370
/oschook,9.518906853807712,-0.8763045072555542,-1.8819000720977783,9.289786338806152,1615057045390
/oschook,9.818824380480129,-1.2330515384674072,-1.7669748067855835,9.579493522644043,1615057045409
/oschook,9.910863385379681,-1.5419130325317383,-1.7909176349639893,9.624984741210938,1615057045430
/oschook,9.955974837108695,-1.3719195127487183,-1.7789461612701416,9.699207305908203,1615057045450
/oschook,10.002004468752082,-1.4820561408996582,-1.642472505569458,9.75427532196045,1615057045470
/oschook,10.415808697366451,-1.551490068435669,-1.6233183145523071,10.170879364013672,1615057045489
/oschook,9.946080329908261,-1.5610672235488892,-1.5682499408721924,9.696812629699707,1615057045510
/oschook,10.28693312611138,-1.9633052349090576,-1.6472610235214233,9.962577819824219,1615057045530
/oschook,10.28693312611138,-1.9633052349090576,-1.6472610235214233,9.962577819824219,1615057045549
/oschook,10.172737035954917,-2.1596357822418213,-1.5969812870025635,9.811738014221191,1615057045570
/oschook,9.932769321923898,-2.2458298206329346,-1.3599480390548706,9.579493522644043,1615057045590
/oschook,10.48040142926471,-2.4062461853027344,-1.1109435558319092,10.139753341674805,1615057045610
/oschook,10.48040142926471,-2.4062461853027344,-1.1109435558319092,10.139753341674805,1615057045629
/oschook,8.27973116484438,-1.2546000480651855,-0.9313728213310242,8.13095760345459,1615057045649
/oschook,10.749699299233415,-0.73504239320755,-1.223474383354187,10.654522895812988,1615057045670
/oschook,9.9576381798251,-0.7110996246337891,-0.5027977228164673,9.919480323791504,1615057045690
/oschook,9.949827974222568,-1.7909176349639893,-0.19393625855445862,9.785401344299316,1615057045710
/oschook,9.949827974222568,-1.7909176349639893,-0.19393625855445862,9.785401344299316,1615057045730
/oschook,10.17479486007435,-0.7733507752418518,-0.8044763803482056,10.11341667175293,1615057045750
/oschook,9.841920925817936,-0.5578660368919373,-1.1660118103027344,9.756669998168945,1615057045769
/oschook,9.831193348399648,-0.45251792669296265,-1.5850099325180054,9.692024230957031,1615057045790
/oschook,9.79672215931169,-1.1277034282684326,-1.4365649223327637,9.624984741210938,1615057045810
/oschook,9.79672215931169,-1.1277034282684326,-1.4365649223327637,9.624984741210938,1615057045829
/oschook,10.018111601503637,-1.831620216369629,-1.381496548652649,9.75188159942627,1615057045850
/oschook,9.978728486493166,-2.672010660171509,-1.240234375,9.534002304077148,1615057045870
/oschook,10.049862775203321,-2.1572415828704834,-1.4916331768035889,9.7016019821167,1615057045889
/oschook,10.166862701589107,-1.8411973714828491,-1.8627456426620483,9.823709487915039,1615057045910
/oschook,10.113872491616789,-1.659232497215271,-1.7813403606414795,9.816526412963867,1615057045930
/oschook,9.683148662468868,-0.9289786219596863,-1.4629019498825073,9.526819229125977,1615057045949
/oschook,9.599617627886522,-0.5674431324005127,-1.3910737037658691,9.481328010559082,1615057045970
/oschook,9.772643581527648,-0.8667274713516235,-1.6041641235351562,9.601041793823242,1615057045989
/oschook,10.24015205956894,-1.2546000480651855,-1.7813403606414795,10.005674362182617,1615057046009
/oschook,10.172748855341016,-1.6352897882461548,-1.5538843870162964,9.919480323791504,1615057046030
/oschook,10.058059370454036,-1.7789461612701416,-1.4509304761886597,9.792584419250488,1615057046049
/oschook,10.182423971709577,-1.6616265773773193,-1.6185299158096313,9.914691925048828,1615057046070
/oschook,9.886135961307616,-1.4988160133361816,-1.4365649223327637,9.665687561035156,1615057046090
/oschook,9.886135961307616,-1.4988160133361816,-1.4365649223327637,9.665687561035156,1615057046110
/oschook,9.602662526105089,-1.4988160133361816,-0.5842030644416809,9.466962814331055,1615057046129
/oschook,9.602662526105089,-1.4988160133361816,-0.5842030644416809,9.466962814331055,1615057046149
/oschook,9.623284320229928,-2.0327394008636475,-1.2809370756149292,9.318517684936523,1615057046169
/oschook,9.623284320229928,-2.0327394008636475,-1.2809370756149292,9.318517684936523,1615057046189
/oschook,9.654938641781335,-1.362342357635498,-0.8044763803482056,9.524425506591797,1615057046209
/oschook,10.011157536832082,-0.8978530764579773,-0.6344828009605408,9.950606346130371,1615057046229
/oschook,9.707158914569824,-1.0199611186981201,-0.7709565162658691,9.622590065002441,1615057046249
/oschook,9.839530653040367,-1.0199611186981201,-1.2498114109039307,9.706390380859375,1615057046269
/oschook,9.839530653040367,-1.0199611186981201,-1.2498114109039307,9.706390380859375,1615057046289
/oschook,9.759973779467037,-1.0750293731689453,-1.4509304761886597,9.59146499633789,1615057046309
/oschook,9.83728241246318,-1.3096683025360107,-1.4940274953842163,9.634561538696289,1615057046330
/oschook,9.81721010493537,-1.6688095331192017,-1.6137412786483765,9.538790702819824,1615057046349
/oschook,10.022984197057648,-1.8411973714828491,-1.7573976516723633,9.694418907165527,1615057046370
/oschook,10.123734843009249,-1.845985770225525,-1.7047237157821655,9.806949615478516,1615057046389
/oschook,10.118530739695329,-1.6089527606964111,-1.4365649223327637,9.885960578918457,1615057046410
/oschook,9.767413203683706,-1.1061549186706543,-1.1636176109313965,9.634561538696289,1615057046429
/oschook,9.533292271770717,-0.7637736797332764,-1.393467903137207,9.399923324584961,1615057046449
/oschook,9.625847863962486,-0.8595446348190308,-1.874717116355896,9.40231704711914,1615057046469
/oschook,10.037873222613763,-1.1037607192993164,-2.1835787296295166,9.735121726989746,1615057046490
/oschook,10.188765312287408,-1.211503028869629,-2.0686533451080322,9.90272045135498,1615057046510
/oschook,10.141866344964406,-1.412622094154358,-1.4605076313018799,9.936240196228027,1615057046529
/oschook,10.008128670639037,-1.398256540298462,-1.0439038276672363,9.854835510253906,1615057046549
/oschook,9.865849931554077,-1.2881197929382324,-1.319245457649231,9.692024230957031,1615057046570
/oschook,10.251718673979385,-1.582615613937378,-1.5897984504699707,10.003279685974121,1615057046590
/oschook,10.437462639354303,-1.9752767086029053,-1.5706442594528198,10.127782821655273,1615057046609
/oschook,10.073844450646327,-1.7406377792358398,-1.4772675037384033,9.811738014221191,1615057046630
/oschook,9.321911082563247,-1.2665714025497437,-1.3958622217178345,9.129369735717773,1615057046649
/oschook,9.672927489321696,-0.9553157091140747,-1.7143007516860962,9.47175121307373,1615057046670
/oschook,10.580391649706263,-1.908237099647522,-1.9321798086166382,10.225947380065918,1615057046690
/oschook,9.959036274749833,-0.8547561764717102,-1.642472505569458,9.785401344299316,1615057046710
/oschook,9.555695463939726,-0.24421600997447968,-0.9002473950386047,9.510059356689453,1615057046729
/oschook,10.458600280211094,0.07901106774806976,-0.5937801599502563,10.441431999206543,1615057046750
/oschook,9.877542872446876,-0.13407939672470093,-0.3830839693546295,9.869200706481934,1615057046769
/oschook,8.671383674357047,0.30886146426200867,-0.13168510794639587,8.664880752563477,1615057046790
/oschook,9.44955632736897,-0.41660380363464355,-0.3615354895591736,9.433443069458008,1615057046810
/oschook,10.763359346908118,-1.0103839635849,-1.6688095331192017,10.585088729858398,1615057046830
/oschook,10.300268558095025,-1.144463300704956,-2.1835787296295166,10.000885963439941,1615057046849
/oschook,9.82971658153375,-1.381496548652649,-1.3407938480377197,9.639349937438965,1615057046869
/oschook,6.600564576934223,-0.9577099084854126,-0.38068968057632446,6.519610404968262,1615057046889
/oschook,8.958938999251053,0.3591412305831909,-1.2186858654022217,8.868393898010254,1615057046909
/oschook,10.05666050139899,0.8427847623825073,-2.973689317703247,9.569916725158691,1615057046929
/oschook,9.225598360993656,1.2546000480651855,-2.4038519859313965,8.818114280700684,1615057046949
/oschook,10.26084711908929,-1.1205205917358398,-0.5387118458747864,10.1852445602417,1615057046969
/oschook,10.26084711908929,-1.1205205917358398,-0.5387118458747864,10.1852445602417,1615057046989
/oschook,10.466585867424778,-1.7789461612701416,-0.8571503758430481,10.278621673583984,1615057047010
/oschook,9.998673588524566,-1.4820561408996582,-1.1277034282684326,9.823709487915039,1615057047030
/oschook,10.148301521946147,-0.821236252784729,-1.113337755203247,10.053560256958008,1615057047051
/oschook,9.81725529700244,0.021548472344875336,-1.022355318069458,9.763853073120117,1615057047069
/oschook,9.8700689480243,-0.8068706393241882,-1.1779831647872925,9.766246795654297,1615057047090
/oschook,9.949036363481897,-1.1157320737838745,-1.7885233163833618,9.723150253295898,1615057047110
/oschook,9.949036363481897,-1.1157320737838745,-1.7885233163833618,9.723150253295898,1615057047130
/oschook,10.516564166176957,-1.6879637241363525,-1.4988160133361816,10.271438598632812,1615057047150
/oschook,9.876602697536939,-1.7861289978027344,-1.2378400564193726,9.634561538696289,1615057047170
/oschook,13.59487949131363,-0.42857518792152405,-0.7326480746269226,13.56835651397705,1615057047190
/oschook,8.711430569812611,0.7278595566749573,-1.1636176109313965,8.602629661560059,1615057047210
/oschook,8.711430569812611,0.7278595566749573,-1.1636176109313965,8.602629661560059,1615057047229
/oschook,9.732479875950832,-0.3016786277294159,-0.7134938836097717,9.7016019821167,1615057047250
/oschook,10.27282258794122,-0.4716721475124359,-1.2330515384674072,10.187639236450195,1615057047270
/oschook,10.25856800016995,-1.2162915468215942,-1.7382434606552124,10.036800384521484,1615057047289
/oschook,9.913864596813209,-1.831620216369629,-1.6161353588104248,9.608224868774414,1615057047310
/oschook,9.772453917716048,-1.2785427570343018,-1.2067145109176636,9.61301326751709,1615057047329
/oschook,9.76673795228586,-0.8810931444168091,-1.0462981462478638,9.670475959777832,1615057047349
/oschook,9.727585616197029,-0.5387118458747864,-1.1516461372375488,9.644139289855957,1615057047369
/oschook,9.783911340357115,-0.46209508180618286,-1.2737542390823364,9.689630508422852,1615057047390
/oschook,9.82203350918471,-0.4189980924129486,-1.4269877672195435,9.708784103393555,1615057047409
/oschook,9.911246412434977,-0.9792584180831909,-1.5059988498687744,9.747093200683594,1615057047431
/oschook,10.328441328728305,-1.331216812133789,-1.6783866882324219,10.103839874267578,1615057047449
/oschook,10.56265114910416,-1.9130256175994873,-1.453324794769287,10.285804748535156,1615057047470
/oschook,10.359783415960202,-1.7526090145111084,-1.1995316743850708,10.139753341674805,1615057047490
/oschook,9.856214669777374,-1.2210801839828491,-1.0774236917495728,9.720755577087402,1615057047509
/oschook,9.672877749623364,-0.6177229285240173,-1.0893950462341309,9.59146499633789,1615057047530
/oschook,9.592708433660633,-0.2944957911968231,-1.3455824851989746,9.49329948425293,1615057047550
/oschook,9.688526014501228,-0.14605076611042023,-1.8819000720977783,9.502876281738281,1615057047569
/oschook,9.957186786778344,-0.67518550157547,-2.104567527770996,9.708784103393555,1615057047590
/oschook,10.01121053837517,-1.6328954696655273,-1.9633052349090576,9.680052757263184,1615057047610
/oschook,11.144303507019917,-2.2170984745025635,-1.9130256175994873,10.75268840789795,1615057047631
/oschook,11.345156328600485,-2.5283541679382324,-2.078230619430542,10.862824440002441,1615057047650
/oschook,10.227542561023144,-1.6927522420883179,-1.2929084300994873,10.003279685974121,1615057047669
/oschook,10.01936564384639,-0.4597007632255554,-0.33280420303344727,10.003279685974121,1615057047690
/oschook,8.988010361530534,-1.5155760049819946,-0.09337671846151352,8.858817100524902,1615057047709
/oschook,8.008918484095373,1.4006507396697998,-1.3479766845703125,7.769421577453613,1615057047730
/oschook,9.365014689440505,-0.7230709791183472,-1.7454264163970947,9.172467231750488,1615057047749
/oschook,10.251890956822926,-0.7278595566749573,-2.0303449630737305,10.02243423461914,1615057047769
/oschook,9.885518868010644,-0.6847625970840454,-1.5754327774047852,9.735121726989746,1615057047789
/oschook,9.973153579646079,-0.5554717779159546,-0.9241901636123657,9.914691925048828,1615057047810
/oschook,9.899896119245314,-0.8044763803482056,-0.6919454336166382,9.842864036560059,1615057047830
/oschook,10.13502091246079,-0.6488484740257263,-1.1277034282684326,10.051165580749512,1615057047850
/oschook,9.928135082072618,-1.3407938480377197,-1.118126392364502,9.773429870605469,1615057047871
/oschook,9.993249305021273,-1.0654523372650146,-1.2881197929382324,9.85244083404541,1615057047889
/oschook,9.724039661315645,-1.3719195127487183,-1.6257126331329346,9.488511085510254,1615057047910
/oschook,10.237166216660073,-1.7573976516723633,-1.7406377792358398,9.933846473693848,1615057047929
/oschook,10.142083045726178,-0.9409500360488892,-1.7071177959442139,9.95300006866455,1615057047950
/oschook,9.747212137564885,-0.5889915823936462,-1.3551595211029053,9.634561538696289,1615057047969
/oschook,9.656544333018628,-0.7158881425857544,-1.2138973474502563,9.553156852722168,1615057047989
/oschook,9.667019444764316,-0.8379961848258972,-1.41022789478302,9.526819229125977,1615057048010
/oschook,9.924949457239885,-0.9457386136054993,-1.642472505569458,9.742303848266602,1615057048030
/oschook,9.950095367377436,-1.2162915468215942,-1.7143007516860962,9.725543975830078,1615057048055
/oschook,10.239079348782775,-1.1731946468353271,-1.735849142074585,10.02243423461914,1615057048070
/oschook,10.10806439767442,-1.051086664199829,-1.5754327774047852,9.929058074951172,1615057048089
/oschook,10.147230224841636,-1.3216396570205688,-1.18037748336792,9.99130916595459,1615057048110
/oschook,10.147230224841636,-1.3216396570205688,-1.18037748336792,9.99130916595459,1615057048129
/oschook,10.217071369620136,-1.319245457649231,-0.9481328129768372,10.087080001831055,1615057048149
/oschook,9.10622838883113,-0.7948992252349854,-0.8786988258361816,9.028810501098633,1615057048170
/oschook,9.10622838883113,-0.7948992252349854,-0.8786988258361816,9.028810501098633,1615057048189
/oschook,11.559317129743901,-0.7853221297264099,-1.9273912906646729,11.370410919189453,1615057048209
/oschook,10.043096406329797,-0.6153286099433899,-1.644866704940796,9.888355255126953,1615057048229
/oschook,9.569921571022519,-1.2569942474365234,-0.9840469360351562,9.435836791992188,1615057048249
/oschook,9.742212717576553,-1.0654523372650146,-1.0654523372650146,9.624984741210938,1615057048269
/oschook,9.804263349934036,-0.766167938709259,-1.209108829498291,9.699207305908203,1615057048289
/oschook,9.884174287151026,-0.5123748183250427,-1.1827718019485474,9.799766540527344,1615057048311
/oschook,10.181916122522365,-0.9672869443893433,-0.8906701803207397,10.096656799316406,1615057048329
/oschook,10.055108624088442,-1.149251937866211,-0.541106104850769,9.974549293518066,1615057048350
/oschook,9.674982280392841,-1.2498114109039307,-0.8571503758430481,9.555550575256348,1615057048369
/oschook,9.843436506031985,-1.6185299158096313,-1.6951465606689453,9.560338973999023,1615057048390
/oschook,10.076333281976652,-1.7071177959442139,-1.9728825092315674,9.73272705078125,1615057048409
/oschook,10.478524498823433,-1.6376841068267822,-1.7143007516860962,10.206793785095215,1615057048429
/oschook,9.714418191762567,-0.8810931444168091,-1.4964218139648438,9.557945251464844,1615057048449
/oschook,9.465691525827506,-1.0606637001037598,-1.3647366762161255,9.306546211242676,1615057048469
/oschook,9.89126969192401,-1.0846065282821655,-1.503604531288147,9.715967178344727,1615057048489
/oschook,10.109371893620647,-1.1995316743850708,-1.5682499408721924,9.914691925048828,1615057048510
/oschook,10.031521477621892,-1.2450228929519653,-1.5299415588378906,9.835680961608887,1615057048529
/oschook,10.138802803458901,-1.2210801839828491,-1.5131816864013672,9.950606346130371,1615057048550
/oschook,10.03969053092789,-1.0558751821517944,-1.4940274953842163,9.87159538269043,1615057048570
/oschook,9.869257167201782,-0.8978530764579773,-1.35037100315094,9.735121726989746,1615057048589
/oschook,9.913458733931277,-1.1468576192855835,-1.2761484384536743,9.763853073120117,1615057048610
/oschook,10.243285273056912,-1.5897984504699707,-1.211503028869629,10.046377182006836,1615057048630
/oschook,9.991800593304644,-1.5059988498687744,-1.053480863571167,9.821314811706543,1615057048650
/oschook,7.175786158099582,-1.3719195127487183,-0.8356019258499146,6.993676662445068,1615057048671
/oschook,11.579656460670291,-2.351177930831909,-1.223474383354187,11.272245407104492,1615057048689
/oschook,10.718875341509536,-1.1660118103027344,-2.135693073272705,10.439038276672363,1615057048710
/oschook,10.130746268068654,0.23942747712135315,-1.441353440284729,10.024828910827637,1615057048729
/oschook,9.569494655269148,-0.22266754508018494,-0.3543526828289032,9.560338973999023,1615057048750
/oschook,9.63522430150474,0.20830190181732178,-0.1245022863149643,9.63216781616211,1615057048770
/oschook,9.753618171784357,-0.43336373567581177,-0.6368771195411682,9.723150253295898,1615057048789
/oschook,9.971437873463803,-0.8236305117607117,-1.314456820487976,9.850046157836914,1615057048810
/oschook,10.296677675140224,-2.042316436767578,-1.3360053300857544,10.003279685974121,1615057048829
/oschook,10.458790647020756,-1.7861289978027344,-1.4030450582504272,10.209187507629395,1615057048850
/oschook,10.284053905289909,-1.429382085800171,-1.5658557415008545,10.06313705444336,1615057048869
/oschook,9.93387956800114,-1.3120626211166382,-1.671203851699829,9.703995704650879,1615057048890
/oschook,9.46269423316665,-0.9720755815505981,-1.721483588218689,9.25387191772461,1615057048909
/oschook,9.85616276843282,-1.4030450582504272,-1.5921927690505981,9.624984741210938,1615057048930
/oschook,10.190034720086853,-1.1731946468353271,-1.6376841068267822,9.988914489746094,1615057048950
/oschook,9.813887461793266,-0.6823683381080627,-1.331216812133789,9.699207305908203,1615057048969
/oschook,9.96984208486459,-0.9433442950248718,-1.1588289737701416,9.857229232788086,1615057048990
/oschook,10.057208034663258,-1.0893950462341309,-1.5850099325180054,9.87159538269043,1615057049010
/oschook,10.132304281609265,-1.2546000480651855,-1.8579572439193726,9.881172180175781,1615057049029
/oschook,9.99742629724473,-1.453324794769287,-1.6544439792633057,9.75188159942627,1615057049052
/oschook,9.945561028056014,-1.13009774684906,-1.4868446588516235,9.768641471862793,1615057049070
/oschook,9.8809969847032,-0.8523618578910828,-1.3958622217178345,9.744698524475098,1615057049090
/oschook,10.082152896024134,-1.0558751821517944,-1.252205729484558,9.948211669921875,1615057049110
/oschook,9.852702134426067,-0.09816526621580124,-1.1037607192993164,9.790189743041992,1615057049135
/oschook,9.852702134426067,-0.09816526621580124,-1.1037607192993164,9.790189743041992,1615057049149
/oschook,9.201730264819766,-2.8731298446655273,-1.242628574371338,8.652909278869629,1615057049169
/oschook,9.91203195683217,-0.4309694766998291,-0.9960182905197144,9.85244083404541,1615057049190
/oschook,9.91203195683217,-0.4309694766998291,-0.9960182905197144,9.85244083404541,1615057049210
/oschook,9.821523189860004,-0.6105400919914246,-0.7230709791183472,9.775823593139648,1615057049230
/oschook,9.768688609226308,-0.33280420303344727,-0.9074301719665527,9.720755577087402,1615057049250
/oschook,10.594972101533472,-2.98087215423584,-1.3096683025360107,10.082291603088379,1615057049270
/oschook,10.594972101533472,-2.98087215423584,-1.3096683025360107,10.082291603088379,1615057049289
/oschook,10.431428330956395,-2.298503875732422,-1.3168511390686035,10.089473724365234,1615057049309
/oschook,9.850403998808087,-0.8643332719802856,-1.532335877418518,9.692024230957031,1615057049329
/oschook,9.820043896488786,-0.8332076072692871,-1.7071177959442139,9.634561538696289,1615057049349
/oschook,9.844415273518296,-0.6225114464759827,-1.7071177959442139,9.675264358520508,1615057049370
/oschook,9.812708001927307,-1.5083931684494019,-1.4365649223327637,9.589070320129395,1615057049389
/oschook,10.475891057166033,-1.331216812133789,-1.6328954696655273,10.261861801147461,1615057049410
/oschook,9.758071756856353,-0.9984126091003418,-1.429382085800171,9.601041793823242,1615057049429
/oschook,9.808484593475827,-1.644866704940796,-1.149251937866211,9.601041793823242,1615057049450
/oschook,10.002340667637796,-1.2905141115188599,-1.6352897882461548,9.78300666809082,1615057049469
/oschook,9.942941268898243,-1.4557191133499146,-1.9441511631011963,9.641744613647461,1615057049490
/oschook,10.136544489476165,-1.41022789478302,-1.8962656259536743,9.857229232788086,1615057049509
/oschook,9.878003650849516,-1.0558751821517944,-1.7286665439605713,9.668081283569336,1615057049530
/oschook,9.787634425588534,-0.9696813821792603,-1.5347301959991455,9.617801666259766,1615057049549
/oschook,10.001337969800968,-1.2210801839828491,-1.441353440284729,9.821314811706543,1615057049569
/oschook,10.231113354587897,-1.4820561408996582,-1.4078335762023926,10.024828910827637,1615057049590
/oschook,10.238333156361714,-1.6975408792495728,-1.2019259929656982,10.024828910827637,1615057049610
/oschook,7.038202272756079,-1.1396747827529907,-0.8691217303276062,6.890722751617432,1615057049629
/oschook,10.365314331269607,-1.0654523372650146,-0.9744698405265808,10.264256477355957,1615057049649
/oschook,9.766742406956569,0.18196488916873932,-1.7430320978164673,9.608224868774414,1615057049669
/oschook,10.200706861240818,0.14365649223327637,-1.5586729049682617,10.079896926879883,1615057049690
/oschook,10.100072561854654,-1.1971373558044434,-1.3599480390548706,9.936240196228027,1615057049709
/oschook,10.071086000886456,-1.1516461372375488,-1.393467903137207,9.907508850097656,1615057049729
/oschook,9.794143394322283,-1.4461419582366943,-1.1540404558181763,9.617801666259766,1615057049749
/oschook,10.306052429273631,-1.563461422920227,-0.9265843629837036,10.144542694091797,1615057049769
/oschook,10.280930632933872,-1.721483588218689,-0.7733507752418518,10.106233596801758,1615057049789
/oschook,10.113942328088932,-0.7925049662590027,-0.9624984860420227,10.036800384521484,1615057049809
/oschook,9.707051587518682,-0.6344828009605408,-1.30009126663208,9.598648071289062,1615057049829
/oschook,9.675344814543795,-1.3048797845840454,-1.599375605583191,9.452596664428711,1615057049849
/oschook,9.832293733296568,-1.4940274953842163,-1.845985770225525,9.54118537902832,1615057049869
/oschook,9.93494097649093,-1.4988160133361816,-1.9297854900360107,9.629773139953613,1615057049889
/oschook,10.022237128149369,-0.8356019258499146,-1.7741577625274658,9.828497886657715,1615057049909
/oschook,9.691248242312389,-0.9146129488945007,-1.2617827653884888,9.565128326416016,1615057049929
/oschook,9.83332812074212,-1.0486923456192017,-1.2881197929382324,9.692024230957031,1615057049950
/oschook,9.969237679651458,-1.3431881666183472,-1.6759923696517944,9.735121726989746,1615057049970
/oschook,9.909035907795696,-1.3910737037658691,-1.9130256175994873,9.622590065002441,1615057049989
/oschook,9.909624083898183,-1.4054392576217651,-1.7933118343353271,9.644139289855957,1615057050009
/oschook,9.947518707239562,-1.2905141115188599,-1.6855695247650146,9.718361854553223,1615057050030
/oschook,10.018390463349299,-1.4365649223327637,-1.5969812870025635,9.785401344299316,1615057050050
/oschook,10.175570622898663,-1.3431881666183472,-1.4988160133361816,9.974549293518066,1615057050070
/oschook,9.957285873611863,-1.4245935678482056,-1.2641770839691162,9.773429870605469,1615057050090
/oschook,9.806112774067891,-1.1947431564331055,-0.9433442950248718,9.687235832214355,1615057050109
/oschook,13.290089591969622,0.31604427099227905,-1.2138973474502563,13.230761528015137,1615057050129
/oschook,8.796762153445526,-2.3799092769622803,-1.362342357635498,8.358413696289062,1615057050149
/oschook,9.65029430564357,0.5889915823936462,-1.6305011510849,9.49329948425293,1615057050169
/oschook,9.975401074253636,-0.46448931097984314,-1.0870007276535034,9.905115127563477,1615057050189
/oschook,10.031677731829989,-0.8930644989013672,-1.0750293731689453,9.933846473693848,1615057050210
/oschook,9.888863465227283,-0.6727912425994873,-1.3479766845703125,9.773429870605469,1615057050229
/oschook,10.028008299724993,-1.209108829498291,-1.2474172115325928,9.876383781433105,1615057050250
/oschook,10.322296133723002,-2.109356164932251,-0.6320885419845581,10.084685325622559,1615057050269
/oschook,9.931780077100786,-1.3599480390548706,-0.8691217303276062,9.799766540527344,1615057050290
/oschook,9.850065683437458,-0.7278595566749573,-1.5850099325180054,9.694418907165527,1615057050310
/oschook,9.84949819763101,-0.9170072674751282,-1.951333999633789,9.61061954498291,1615057050329
/oschook,9.87754350540087,-1.2665714025497437,-1.8723227977752686,9.615407943725586,1615057050350
/oschook,10.024885462383834,-1.2617827653884888,-1.7621862888336182,9.787795066833496,1615057050369
/oschook,9.863340161471882,-1.3575538396835327,-1.5299415588378906,9.648927688598633,1615057050389
/oschook,9.663390337288572,-1.4317762851715088,-1.2354458570480347,9.476539611816406,1615057050411
/oschook,9.899439528308712,-1.0678465366363525,-1.3264282941818237,9.75188159942627,1615057050429
/oschook,9.81070032285737,-0.9960182905197144,-1.5299415588378906,9.639349937438965,1615057050450
/oschook,9.791284203152008,-0.79011070728302,-1.6281068325042725,9.622590065002441,1615057050469
/oschook,9.851092285462224,-0.8715160489082336,-1.6209239959716797,9.677659034729004,1615057050489
/oschook,9.976334855095823,-1.1420691013336182,-1.5562785863876343,9.787795066833496,1615057050510
/oschook,10.04860252243832,-1.2354458570480347,-1.5419130325317383,9.85244083404541,1615057050529
/oschook,10.185166471668763,-1.5467015504837036,-1.4629019498825073,9.960183143615723,1615057050549
/oschook,10.20735634935457,-1.7454264163970947,-1.3575538396835327,9.964971542358398,1615057050569
/oschook,10.323055872060639,-1.721483588218689,-1.149251937866211,10.11341667175293,1615057050590
/oschook,10.073216438534855,-1.563461422920227,-0.9050358533859253,9.909903526306152,1615057050609
/oschook,12.44602108714364,0.11492519080638885,-1.2905141115188599,12.378400802612305,1615057050630
/oschook,9.65325463572319,-1.551490068435669,-1.8699285984039307,9.342460632324219,1615057050650
/oschook,8.963860693357617,0.6656084060668945,-1.8914772272109985,8.736708641052246,1615057050670
/oschook,9.36966245621823,-0.6081457734107971,-1.1588289737701416,9.277814865112305,1615057050690
/oschook,9.746097535302129,-0.2897072434425354,-1.0295381546020508,9.687235832214355,1615057050709
/oschook,10.281060635046147,-0.742225170135498,-0.9601041674613953,10.209187507629395,1615057050729
/oschook,9.840817037074789,-1.2617827653884888,-0.6560313105583191,9.737515449523926,1615057050749
/oschook,10.006795677071397,-1.2569942474365234,-0.5913859009742737,9.909903526306152,1615057050770
/oschook,10.214680202145907,-1.1708003282546997,-1.0367209911346436,10.09426212310791,1615057050790
/oschook,10.134784196333488,-1.4317762851715088,-1.5371243953704834,9.914691925048828,1615057050809
/oschook,10.055069306694199,-0.8188420534133911,-1.5850099325180054,9.895537376403809,1615057050829
/oschook,9.734356839525427,-1.2809370756149292,-1.1420691013336182,9.581888198852539,1615057050850
/oschook,10.126864867398513,-1.30009126663208,-1.0415095090866089,9.988914489746094,1615057050870
/oschook,9.53889155666301,-0.8403903841972351,-1.2689656019210815,9.416683197021484,1615057050890
/oschook,11.769077054254975,1.6999351978302002,-1.9680938720703125,11.478153228759766,1615057050909
/oschook,8.818522440242385,0.1652049571275711,-2.291321039199829,8.51404094696045,1615057050930
/oschook,9.135166018821073,1.3264282941818237,-1.2450228929519653,8.952193260192871,1615057050950
/oschook,9.652951817868265,-0.17478206753730774,-0.3735068738460541,9.644139289855957,1615057050970
/oschook,10.37928786197948,-1.0175668001174927,-0.6727912425994873,10.307353019714355,1615057050990
/oschook,10.5912242718162,-1.9417568445205688,-1.3838908672332764,10.319324493408203,1615057051009
/oschook,10.524139693337231,-2.071047782897949,-1.7382434606552124,10.170879364013672,1615057051030
/oschook,10.084796243275296,-1.3240339756011963,-1.489238977432251,9.885960578918457,1615057051050
/oschook,10.121540601794988,-0.5267404317855835,-0.9744698405265808,10.060742378234863,1615057051069
/oschook,9.558456745060706,0.011971374042332172,-1.051086664199829,9.500482559204102,1615057051090
/oschook,9.503493794955272,-0.6943396925926208,-1.4964218139648438,9.359220504760742,1615057051109
/oschook,10.056330161715065,-0.8403903841972351,-1.8819000720977783,9.842864036560059,1615057051143
/oschook,10.056330161715065,-0.8403903841972351,-1.8819000720977783,9.842864036560059,1615057051149
/oschook,9.467185043428135,0.021548472344875336,-0.9289786219596863,9.42147159576416,1615057051169
/oschook,9.934086486062142,-0.7733507752418518,-1.5730385780334473,9.778218269348145,1615057051189
/oschook,9.514001633880783,1.2330515384674072,-1.6951465606689453,9.2802095413208,1615057051209
/oschook,9.729313022606801,-0.73504239320755,-1.053480863571167,9.644139289855957,1615057051229
/oschook,10.369406964071956,-1.1253091096878052,-1.0008069276809692,10.259467124938965,1615057051249
/oschook,10.190129901220528,-1.644866704940796,-1.2043201923370361,9.984126091003418,1615057051269
/oschook,10.129198869449038,-1.6185299158096313,-1.4676904678344727,9.890748977661133,1615057051289
/oschook,10.053463960575847,-1.2450228929519653,-1.472478985786438,9.866806030273438,1615057051310
/oschook,9.789401492769505,-0.8092649579048157,-1.4245935678482056,9.651321411132812,1615057051330
/oschook,9.701659881391555,-0.5674431324005127,-1.393467903137207,9.584281921386719,1615057051349
/oschook,9.87209735318617,-0.5435003638267517,-1.4365649223327637,9.75188159942627,1615057051370
/oschook,10.269206939872802,-0.5147690773010254,-1.6185299158096313,10.127782821655273,1615057051391
/oschook,10.265170410599268,-0.7230709791183472,-1.4269877672195435,10.139753341674805,1615057051410
/oschook,9.990977602746783,-1.2498114109039307,-1.1109435558319092,9.850046157836914,1615057051430
/oschook,9.655586444324522,-1.271359920501709,-1.1037607192993164,9.507665634155273,1615057051449
/oschook,9.86794358715559,-1.1372805833816528,-1.4006507396697998,9.7016019821167,1615057051470
/oschook,9.804563144672974,-0.8595446348190308,-1.7789461612701416,9.603436470031738,1615057051490
/oschook,9.95515735639519,-0.56504887342453,-1.9680938720703125,9.742303848266602,1615057051513
/oschook,9.936283441792579,-0.17478206753730774,-2.073441982269287,9.715967178344727,1615057051529
/oschook,9.894576990953569,-0.8834874033927917,-1.798100233078003,9.689630508422852,1615057051549
/oschook,10.177700651332596,-1.7382434606552124,-1.6544439792633057,9.890748977661133,1615057051570
/oschook,10.607167736209105,-1.1947431564331055,-2.049499273300171,10.338479042053223,1615057051589
/oschook,10.526888581695232,-1.3072741031646729,-1.7071177959442139,10.30495834350586,1615057051610
/oschook,9.927956284530666,-1.2450228929519653,-1.0127782821655273,9.797372817993164,1615057051629
/oschook,14.096117709370784,0.9457386136054993,-0.9409500360488892,14.032844543457031,1615057051650
/oschook,8.713684683691872,-2.7414445877075195,-0.7589851021766663,8.236305236816406,1615057051670
/oschook,9.40161327809195,-0.29928433895111084,-1.8842942714691162,9.205986976623535,1615057051691
/oschook,9.890516237648427,-0.5075862407684326,-1.7789461612701416,9.715967178344727,1615057051709
/oschook,10.001131454559104,-0.2849186956882477,-1.6520496606826782,9.859623908996582,1615057051730
/oschook,10.178936843194917,0.3471698462963104,-1.673598051071167,10.034405708312988,1615057051750
/oschook,9.930971142290382,0.20590762794017792,-1.4245935678482056,9.826104164123535,1615057051770
/oschook,9.90147781721546,-0.5937801599502563,-0.9481328129768372,9.838075637817383,1615057051789
/oschook,10.061384521720294,-1.4772675037384033,-0.7470137476921082,9.92426872253418,1615057051810
/oschook,10.254765053768999,-1.0846065282821655,-1.1253091096878052,10.134964942932129,1615057051830
/oschook,9.972424534538595,-1.5371243953704834,-1.9728825092315674,9.653716087341309,1615057051850
/oschook,9.972424534538595,-1.5371243953704834,-1.9728825092315674,9.653716087341309,1615057051869
/oschook,9.903976166016408,-1.319245457649231,-1.9728825092315674,9.615407943725586,1615057051890
/oschook,10.188943587362981,-0.6632141470909119,-1.7382434606552124,10.017645835876465,1615057051910
/oschook,9.923802333124268,-0.8308132886886597,-1.1947431564331055,9.816526412963867,1615057051930
/oschook,9.920888079675075,-1.0103839635849,-1.149251937866211,9.80216121673584,1615057051949
/oschook,9.912960492670221,-0.6320885419845581,-1.6496553421020508,9.75427532196045,1615057051970
/oschook,10.045813215668028,-0.8595446348190308,-1.7765519618988037,9.850046157836914,1615057051989
/oschook,10.228159920859147,-0.9672869443893433,-1.9010541439056396,10.003279685974121,1615057052010
/oschook,10.228159920859147,-0.9672869443893433,-1.9010541439056396,10.003279685974121,1615057052029
/oschook,10.10697739373122,-1.0271438360214233,-1.6999351978302002,9.909903526306152,1615057052050
/oschook,9.934085504746374,-0.7374366521835327,-1.2976969480514526,9.821314811706543,1615057052069
/oschook,9.860205813646957,-2.011190891265869,-0.9026415944099426,9.61061954498291,1615057052090
/oschook,9.697213210067133,-0.8092649579048157,-1.3407938480377197,9.569916725158691,1615057052110
/oschook,9.697213210067133,-0.8092649579048157,-1.3407938480377197,9.569916725158691,1615057052130
/oschook,10.142076100435913,-0.706311047077179,-1.1971373558044434,10.046377182006836,1615057052150
/oschook,9.969197847994462,-0.3663240373134613,-1.8699285984039307,9.785401344299316,1615057052170
/oschook,9.969197847994462,-0.3663240373134613,-1.8699285984039307,9.785401344299316,1615057052190
/oschook,9.556045313422002,0.021548472344875336,-1.9752767086029053,9.349642753601074,1615057052210
/oschook,9.835378222660609,-1.053480863571167,-0.9960182905197144,9.727938652038574,1615057052230
/oschook,10.17425509713606,-1.302485466003418,-0.67518550157547,10.067925453186035,1615057052250
/oschook,10.012685622624119,-0.5602602958679199,-0.9864412546157837,9.948211669921875,1615057052270
/oschook,9.706185397433684,-0.8284190893173218,-1.5778270959854126,9.54118537902832,1615057052290
/oschook,9.696637473091329,-0.8068706393241882,-1.9130256175994873,9.47175121307373,1615057052310
/oschook,9.678062290906377,-1.0079896450042725,-1.889082670211792,9.438231468200684,1615057052330
/oschook,10.229717336838597,-0.9505270719528198,-1.917814016342163,10.003279685974121,1615057052350
/oschook,10.229717336838597,-0.9505270719528198,-1.917814016342163,10.003279685974121,1615057052370
/oschook,10.168568649667984,-1.5275473594665527,-1.4652961492538452,9.945817947387695,1615057052389
/oschook,9.896510739862231,-1.082212209701538,-1.3455824851989746,9.744698524475098,1615057052410
/oschook,9.607878581889986,-0.7470137476921082,-1.4748733043670654,9.464568138122559,1615057052429
/oschook,9.847756783543295,-0.7278595566749573,-1.6568381786346436,9.680052757263184,1615057052450
/oschook,9.943912715456559,-0.9289786219596863,-1.8651401996612549,9.723150253295898,1615057052469
/oschook,10.02542804647413,-0.7925049662590027,-1.936968207359314,9.80455493927002,1615057052490
/oschook,10.165913359277546,-1.022355318069458,-1.6759923696517944,9.974549293518066,1615057052509
/oschook,10.020791547278982,-1.3240339756011963,-1.3168511390686035,9.845257759094238,1615057052530
/oschook,9.901110413232873,-1.209108829498291,-1.0247496366500854,9.773429870605469,1615057052550
/oschook,9.822231423144128,-1.0415095090866089,-0.9720755815505981,9.718361854553223,1615057052569
/oschook,10.814785039518537,0.2178790122270584,-1.5059988498687744,10.707197189331055,1615057052590
/oschook,10.589712090703655,-2.133298873901367,-2.0830190181732178,10.16130256652832,1615057052609
/oschook,8.729903396300767,1.0271438360214233,-2.0016138553619385,8.435029983520508,1615057052630
/oschook,9.204859526032658,-0.30886146426200867,-0.7374366521835327,9.170072555541992,1615057052649
/oschook,9.718168278649124,-0.44054657220840454,-0.8547561764717102,9.670475959777832,1615057052670
/oschook,9.720105450706399,-0.4597007632255554,-1.429382085800171,9.603436470031738,1615057052690
/oschook,9.946489540233781,-0.8810931444168091,-1.5347301959991455,9.787795066833496,1615057052709
/oschook,10.241560488935729,-1.52036452293396,-1.302485466003418,10.04398250579834,1615057052730
/oschook,10.177125801825742,-1.4006507396697998,-1.0558751821517944,10.024828910827637,1615057052751
/oschook,9.713469583073332,-0.15083931386470795,-1.2450228929519653,9.63216781616211,1615057052770
/oschook,9.73657393546271,-0.5818088054656982,-1.599375605583191,9.586676597595215,1615057052789
/oschook,10.006633685766836,-1.271359920501709,-1.9106314182281494,9.739910125732422,1615057052810
/oschook,10.871205924370877,-1.429382085800171,-2.145270347595215,10.561145782470703,1615057052830
/oschook,9.781486597025681,-1.1588289737701416,-1.8292258977890015,9.538790702819824,1615057052850
/oschook,9.85769161834463,-1.2306572198867798,-1.2953026294708252,9.694418907165527,1615057052869
/oschook,9.677578430750124,-0.7613793611526489,-1.3120626211166382,9.557945251464844,1615057052889
/oschook,9.776089807801668,-0.4597007632255554,-1.6352897882461548,9.627379417419434,1615057052910
/oschook,10.038797821104708,-0.8451789617538452,-1.8986599445343018,9.821314811706543,1615057052930
/oschook,10.161584206845253,-1.0798178911209106,-1.8723227977752686,9.929058074951172,1615057052950
/oschook,10.13027650831729,-1.0750293731689453,-1.6831753253936768,9.931451797485352,1615057052970
/oschook,9.939487828931002,-0.9529213905334473,-1.4916331768035889,9.78061294555664,1615057052989
/oschook,9.809912979384022,-0.9984126091003418,-1.3288224935531616,9.668081283569336,1615057053010
/oschook,9.943869012130405,-1.0893950462341309,-1.132491946220398,9.818921089172363,1615057053030
/oschook,7.990698908000634,-0.32801565527915955,-1.1636176109313965,7.898713111877441,1615057053049
/oschook,10.730201619003918,-2.2721667289733887,-1.2043201923370361,10.417490005493164,1615057053070
/oschook,10.399124325541546,0.11971373856067657,-1.6352897882461548,10.269044876098633,1615057053090
/oschook,9.362203018872343,0.24661031365394592,-1.211503028869629,9.2802095413208,1615057053110
/oschook,10.021629163594348,-0.49322062730789185,-1.2474172115325928,9.931451797485352,1615057053129
/oschook,9.98144904736492,-0.5339232683181763,-1.6281068325042725,9.83328628540039,1615057053149
/oschook,9.923274353252832,-0.8475732803344727,-1.5706442594528198,9.761458396911621,1615057053169
/oschook,9.917632057908753,-1.4772675037384033,-1.2976969480514526,9.720755577087402,1615057053189
/oschook,10.17195388476385,-1.5897984504699707,-1.1636176109313965,9.979337692260742,1615057053209
/oschook,10.018036357280872,-0.6799740195274353,-1.4557191133499146,9.888355255126953,1615057053229
/oschook,9.815130538124217,-0.371112585067749,-1.9465453624725342,9.61301326751709,1615057053249
/oschook,9.793025372533723,-0.766167938709259,-2.102173328399658,9.534002304077148,1615057053269
/oschook,9.688334640695663,-1.0726351737976074,-1.9872480630874634,9.42147159576416,1615057053289
/oschook,10.352008505527701,-1.2617827653884888,-2.015979290008545,10.075108528137207,1615057053310
/oschook,10.368476309459734,-1.1229149103164673,-1.8388030529022217,10.1421480178833,1615057053329
/oschook,9.980555497730025,-1.0247496366500854,-1.4174107313156128,9.826104164123535,1615057053350
/oschook,9.737772178125514,-0.50519198179245,-1.3551595211029053,9.629773139953613,1615057053370
/oschook,9.855258257088469,-0.5578660368919373,-1.5083931684494019,9.723150253295898,1615057053389
/oschook,9.880977491926444,-0.8451789617538452,-1.7933118343353271,9.680052757263184,1615057053410
/oschook,10.082939067419865,-0.9768640398979187,-1.8579572439193726,9.862017631530762,1615057053430
/oschook,10.004003799366114,-0.9936240315437317,-1.721483588218689,9.80455493927002,1615057053449
/oschook,9.874418599023771,-0.7709565162658691,-1.5395187139511108,9.723150253295898,1615057053469
/oschook,9.83459825627742,-0.7326480746269226,-1.4030450582504272,9.706390380859375,1615057053490
/oschook,9.872268537115835,-0.9672869443893433,-1.2138973474502563,9.749486923217773,1615057053510
/oschook,6.561190578607628,-0.09337671846151352,-1.118126392364502,6.464541435241699,1615057053529
/oschook,10.448873481658202,-1.9393627643585205,-1.2378400564193726,10.192427635192871,1615057053549
/oschook,10.219593257359188,0.39984390139579773,-1.817254662513733,10.048770904541016,1615057053571
/oschook,9.566038349523494,0.4261809289455414,-1.252205729484558,9.474145889282227,1615057053589
/oschook,10.090224761596115,-0.4668835997581482,-1.1564347743988037,10.012857437133789,1615057053610
/oschook,9.888053834500367,-0.40463247895240784,-1.6281068325042725,9.744698524475098,1615057053631
/oschook,9.846415992105129,-1.0008069276809692,-1.4030450582504272,9.694418907165527,1615057053649
/oschook,10.481499153083059,-1.6831753253936768,-0.73504239320755,10.319324493408203,1615057053671
/oschook,10.085166316110055,-1.3072741031646729,-0.7781392931938171,9.969759941101074,1615057053689
/oschook,9.795455220363479,-0.41660380363464355,-1.563461422920227,9.66089916229248,1615057053710
/oschook,9.70734212654487,-0.39505535364151,-2.044710636138916,9.481328010559082,1615057053729
/oschook,10.023725616289132,-1.1947431564331055,-1.9273912906646729,9.763853073120117,1615057053750
/oschook,9.759817578771502,-1.5874042510986328,-1.7765519618988037,9.464568138122559,1615057053771
/oschook,9.594033851293824,-1.283331274986267,-1.5778270959854126,9.375980377197266,1615057053789
/oschook,10.006440059861497,-1.4461419582366943,-1.2378400564193726,9.823709487915039,1615057053810
/oschook,10.086828957466011,-0.9289786219596863,-1.4006507396697998,9.945817947387695,1615057053831
/oschook,9.911069763950529,-0.6344828009605408,-1.7071177959442139,9.742303848266602,1615057053849
/oschook,9.997654280092378,-0.7948992252349854,-1.9010541439056396,9.78300666809082,1615057053870
/oschook,9.902292813961305,-0.8643332719802856,-1.8986599445343018,9.680052757263184,1615057053890
/oschook,9.76951860285564,-0.7733507752418518,-1.6879637241363525,9.59146499633789,1615057053910
/oschook,9.837810886115314,-0.73504239320755,-1.5490957498550415,9.687235832214355,1615057053929
/oschook,9.950778159069788,-0.8451789617538452,-1.611346960067749,9.78300666809082,1615057053950
/oschook,9.824133591031574,-1.0917893648147583,-1.6233183145523071,9.627379417419434,1615057053970
/oschook,10.188763049097423,-1.2857255935668945,-1.4629019498825073,10.000885963439941,1615057053990
/oschook,8.020211217222869,-1.161223292350769,-1.3096683025360107,7.8268842697143555,1615057054011
/oschook,9.9173335581141,-1.1827718019485474,-1.3096683025360107,9.759063720703125,1615057054029
/oschook,10.114383511016909,-0.9672869443893433,-1.453324794769287,9.962577819824219,1615057054050
/oschook,10.063262812181536,0.8020820617675781,-1.4772675037384033,9.921875,1615057054069
/oschook,9.98093037142176,-0.41660380363464355,-1.5562785863876343,9.850046157836914,1615057054093
/oschook,9.889980218554443,-0.5004034638404846,-1.999219536781311,9.672870635986328,1615057054110
/oschook,10.013596826424878,-0.73504239320755,-1.9944308996200562,9.785401344299316,1615057054129
/oschook,10.227811010125688,-1.4006507396697998,-1.5610672235488892,10.010462760925293,1615057054150
/oschook,10.63531270307883,-1.9106314182281494,-0.9409500360488892,10.419883728027344,1615057054170
/oschook,9.937634380758048,-1.1708003282546997,-0.7733507752418518,9.838075637817383,1615057054189
/oschook,9.80110896360598,-0.9289786219596863,-1.144463300704956,9.689630508422852,1615057054209
/oschook,9.822243932093839,-0.9888355135917664,-1.7310607433319092,9.617801666259766,1615057054229
/oschook,9.788848824278533,-0.9433442950248718,-1.903448462486267,9.555550575256348,1615057054249
/oschook,10.01115573790482,-0.8284190893173218,-1.845985770225525,9.80455493927002,1615057054269
/oschook,9.168230753091647,-0.18675343692302704,-1.75021493434906,8.997684478759766,1615057054290
/oschook,9.658419732590081,-0.8643332719802856,-1.2809370756149292,9.534002304077148,1615057054309
/oschook,9.973937154249693,-1.1947431564331055,-1.2809370756149292,9.818921089172363,1615057054329
/oschook,9.89703379199617,-1.2450228929519653,-1.5850099325180054,9.689630508422852,1615057054350
/oschook,10.043095567617188,-1.3407938480377197,-1.6999351978302002,9.806949615478516,1615057054369
/oschook,10.22068359630228,-1.2330515384674072,-1.6089527606964111,10.017645835876465,1615057054389
/oschook,10.299210561017754,-1.2019259929656982,-1.4676904678344727,10.122993469238281,1615057054411
/oschook,10.145075663944022,-1.0750293731689453,-1.4269877672195435,9.986519813537598,1615057054429
/oschook,10.080225376644021,-1.2617827653884888,-1.4964218139648438,9.888355255126953,1615057054450
/oschook,10.00945391753198,-1.4940274953842163,-1.4030450582504272,9.797372817993164,1615057054471
/oschook,9.279978053878468,-0.19393625855445862,-1.5443072319030762,9.148524284362793,1615057054489
/oschook,10.19319161355558,-1.8675343990325928,-1.563461422920227,9.897932052612305,1615057054510
/oschook,10.324991928049261,0.8930644989013672,-1.9537280797958374,10.099051475524902,1615057054529
/oschook,9.529377537458297,-0.4142095446586609,-1.1731946468353271,9.447808265686035,1615057054549
/oschook,10.0381597179966,-0.6249057054519653,-1.319245457649231,9.931451797485352,1615057054569
/oschook,10.297276537160151,-1.1947431564331055,-1.6903579235076904,10.087080001831055,1615057054590
/oschook,10.386454896546184,-1.4485362768173218,-1.5275473594665527,10.170879364013672,1615057054609
/oschook,9.926453880686338,-1.2761484384536743,-1.0055954456329346,9.792584419250488,1615057054630
/oschook,9.938253980588714,-1.3575538396835327,-1.0606637001037598,9.787795066833496,1615057054652
/oschook,9.694898829230558,-0.7709565162658691,-1.7454264163970947,9.505270957946777,1615057054671
/oschook,10.46804231820039,-1.331216812133789,-1.917814016342163,10.204399108886719,1615057054690
/oschook,9.794109844205684,-1.113337755203247,-1.6257126331329346,9.59385871887207,1615057054709
/oschook,9.65709892949562,0.023942748084664345,-1.3120626211166382,9.567522048950195,1615057054729
/oschook,9.640830788841427,0.7230709791183472,-1.1588289737701416,9.5435791015625,1615057054750
/oschook,12.46355921113122,1.6879637241363525,-1.4485362768173218,12.26347541809082,1615057054770
/oschook,8.637746513734873,0.8475732803344727,-2.075836181640625,8.341653823852539,1615057054789
/oschook,8.9881628947101,0.45730647444725037,-2.0303449630737305,8.743891716003418,1615057054809
/oschook,9.021126452363788,-0.46927785873413086,-0.8475732803344727,8.968953132629395,1615057054829
/oschook,10.289464986033625,-1.3575538396835327,-0.7637736797332764,10.170879364013672,1615057054849
/oschook,10.382772136131178,-1.7621862888336182,-1.3360053300857544,10.144542694091797,1615057054869
/oschook,10.382382993753389,-1.501210331916809,-1.8052831888198853,10.11341667175293,1615057054889
/oschook,10.087855098276638,-0.8140534162521362,-1.6305011510849,9.921875,1615057054910
/oschook,9.753969386659875,-0.1484450399875641,-1.3360053300857544,9.66089916229248,1615057054929
/oschook,9.84078234802486,0.9361613988876343,-1.0917893648147583,9.735121726989746,1615057054950
/oschook,9.521433055656981,0.5913859009742737,-1.0008069276809692,9.450202941894531,1615057054970
/oschook,9.83200970595968,-0.8092649579048157,-1.2330515384674072,9.720755577087402,1615057054989
/oschook,9.835813301089225,-1.8364088535308838,-1.671203851699829,9.517242431640625,1615057055010
/oschook,10.405963326191879,-2.1548473834991455,-2.2482240200042725,9.929058074951172,1615057055030
/oschook,11.242431893709174,-0.15562786161899567,-1.7478206157684326,11.104646682739258,1615057055049
/oschook,9.5944329778175,-0.33519846200942993,-1.1277034282684326,9.5220308303833,1615057055071
/oschook,9.024376645087374,2.138087511062622,-0.7613793611526489,8.734314918518066,1615057055089
/oschook,9.304238372702983,-1.0462981462478638,-0.5315290093421936,9.229928970336914,1615057055109
/oschook,10.68508448004,-1.956122636795044,-1.5227587223052979,10.393547058105469,1615057055129
/oschook,10.843879652351095,-2.6217308044433594,-2.1500587463378906,10.300169944763184,1615057055149
/oschook,10.292609459868917,-1.9321798086166382,-2.0231621265411377,9.905115127563477,1615057055170
/oschook,9.915509900712264,-0.8715160489082336,-1.4916331768035889,9.763853073120117,1615057055190
/oschook,9.75635927176096,-0.03351984918117523,-1.1588289737701416,9.687235832214355,1615057055210
/oschook,9.83532043511104,0.13407939672470093,-1.271359920501709,9.75188159942627,1615057055230
/oschook,10.004157825447683,-0.46927785873413086,-1.5538843870162964,9.87159538269043,1615057055249
/oschook,10.095290579181052,-1.1588289737701416,-1.642472505569458,9.893143653869629,1615057055269
/oschook,10.132518647169444,-1.532335877418518,-1.4700847864151,9.907508850097656,1615057055289
/oschook,10.034498412989503,-1.6472610235214233,-1.3767080307006836,9.80216121673584,1615057055309
/oschook,10.032594818774067,-1.35037100315094,-1.5850099325180054,9.814132690429688,1615057055330
/oschook,9.954214319475046,-1.1588289737701416,-1.802889108657837,9.720755577087402,1615057055349
/oschook,9.928209524568386,-0.9217957258224487,-1.7166950702667236,9.735121726989746,1615057055370
/oschook,9.832793974134741,-0.9265843629837036,-1.472478985786438,9.677659034729004,1615057055389
/oschook,9.886969453687524,-0.8020820617675781,-1.5586729049682617,9.730332374572754,1615057055410
/oschook,9.885947402973569,-0.8236305117607117,-1.7789461612701416,9.689630508422852,1615057055430
/oschook,10.030483381713621,-0.8020820617675781,-1.7430320978164673,9.845257759094238,1615057055449
/oschook,9.63538533888117,-1.13009774684906,-1.3599480390548706,9.47175121307373,1615057055470
/oschook,9.299378896535282,-1.362342357635498,-1.149251937866211,9.126976013183594,1615057055489
/oschook,9.525363700306237,-1.4341706037521362,-1.1995316743850708,9.340065956115723,1615057055509
/oschook,9.712271766628767,-1.393467903137207,-1.4269877672195435,9.505270957946777,1615057055530
/oschook,9.856402537180175,-1.362342357635498,-1.8531687259674072,9.584281921386719,1615057055549
/oschook,10.258200686760231,-1.022355318069458,-2.54032564163208,9.885960578918457,1615057055574
/oschook,10.319580171437224,-1.5586729049682617,-2.36075496673584,9.92426872253418,1615057055590
/oschook,10.024318475163055,-2.4301888942718506,-1.1971373558044434,9.651321411132812,1615057055609
/oschook,9.898444697135574,-1.8651401996612549,-1.2210801839828491,9.644139289855957,1615057055630
/oschook,9.842501846846355,-1.4796618223190308,-1.9345738887786865,9.536396980285645,1615057055650
/oschook,9.997189038983057,-1.9058427810668945,-2.0662591457366943,9.59385871887207,1615057055670
/oschook,9.911045284217629,-1.6089527606964111,-1.9680938720703125,9.579493522644043,1615057055690
/oschook,9.885823999245053,-1.489238977432251,-1.721483588218689,9.620196342468262,1615057055710
/oschook,9.91843626424581,-1.6688095331192017,-1.6065584421157837,9.644139289855957,1615057055729
/oschook,9.938612992268395,-1.5921927690505981,-1.7717632055282593,9.648927688598633,1615057055750
/oschook,10.057926259135062,-1.5227587223052979,-1.8100717067718506,9.775823593139648,1615057055770
/oschook,10.054463363051143,-1.5227587223052979,-1.6688095331192017,9.797372817993164,1615057055790
/oschook,9.99803101818132,-1.6376841068267822,-1.5682499408721924,9.737515449523926,1615057055810
/oschook,9.990077954107013,-1.8388030529022217,-1.5467015504837036,9.696812629699707,1615057055830
/oschook,10.146640676103791,-2.264983892440796,-1.5179702043533325,9.773429870605469,1615057055849
/oschook,10.045211341646903,-2.3679378032684326,-1.5131816864013672,9.644139289855957,1615057055870
/oschook,10.002410311195694,-2.322446584701538,-1.5730385780334473,9.601041793823242,1615057055889
/oschook,9.904502332018609,-2.2530126571655273,-1.6209239959716797,9.507665634155273,1615057055910
/oschook,9.81947675807239,-2.0351336002349854,-1.671203851699829,9.459779739379883,1615057055930
/oschook,9.962540516048595,-2.0902018547058105,-1.6855695247650146,9.59385871887207,1615057055949
/oschook,9.928049845593922,-2.2434353828430176,-1.7190892696380615,9.517242431640625,1615057055970
/oschook,10.137035912005796,-2.298503875732422,-1.7406377792358398,9.718361854553223,1615057055991
/oschook,10.000574216367049,-2.14048171043396,-1.6975408792495728,9.620196342468262,1615057056010
/oschook,9.955589797324947,-1.9920365810394287,-1.4772675037384033,9.641744613647461,1615057056029
/oschook,9.779968946268186,-1.9896423816680908,-1.3048797845840454,9.486116409301758,1615057056050
/oschook,9.862917199610463,-1.8986599445343018,-1.240234375,9.598648071289062,1615057056070
/oschook,9.843784395866896,-1.9944308996200562,-1.252205729484558,9.557945251464844,1615057056091
/oschook,9.791749790792217,-1.917814016342163,-1.2737542390823364,9.517242431640625,1615057056109
/oschook,9.951787407399724,-1.917814016342163,-1.2689656019210815,9.68244743347168,1615057056129
/oschook,9.750003379068971,-1.5586729049682617,-1.30009126663208,9.536396980285645,1615057056149
/oschook,9.743005283244896,-1.453324794769287,-1.3168511390686035,9.5435791015625,1615057056169
/oschook,9.751402153328572,-1.4652961492538452,-1.381496548652649,9.54118537902832,1615057056189
/oschook,9.922182081172078,-1.6281068325042725,-1.5850099325180054,9.658504486083984,1615057056210
/oschook,9.994019111407116,-1.75021493434906,-1.764580488204956,9.680052757263184,1615057056229
/oschook,10.01065236066361,-1.9680938720703125,-1.7071177959442139,9.665687561035156,1615057056249
/oschook,10.056971252826076,-2.1524529457092285,-1.6472610235214233,9.68484115600586,1615057056270
/oschook,9.999825809746016,-2.207521438598633,-1.5610672235488892,9.627379417419434,1615057056290
/oschook,9.922873300407444,-2.2242813110351562,-1.5897984504699707,9.538790702819824,1615057056310
/oschook,9.913637879450699,-2.0949904918670654,-1.6352897882461548,9.550762176513672,1615057056330
/oschook,9.95027534866678,-2.197944164276123,-1.6664152145385742,9.560338973999023,1615057056349
/oschook,10.014350599986312,-2.0830190181732178,-1.7143007516860962,9.644139289855957,1615057056370
/oschook,9.811964566094174,-1.889082670211792,-1.6352897882461548,9.488511085510254,1615057056390
/oschook,9.814491636448947,-1.8675343990325928,-1.5179702043533325,9.514847755432129,1615057056410
/oschook,9.874041527248208,-1.9585168361663818,-1.503604531288147,9.560338973999023,1615057056429
/oschook,9.929831686335415,-1.9202083349227905,-1.5969812870025635,9.61061954498291,1615057056450
/oschook,9.936880615829308,-2.0255565643310547,-1.582615613937378,9.598648071289062,1615057056470
